Filename,Content,Confidence,Status,Issues
001-Fellowship_High_School_Ground_Floor_Hall_August_Kranti_Marg_Mumbai-36.pdf,"अ) ऑगस्ट क्रांति मार्ग, म्यु.घ.नं. 83 निर्मल निवास ते म्यू घ.नं. 99 सोनल बिल्डिंग. ब) ऑगस्ट क्रांति मार्ग, म्यु.घ.नं.143 धनवंतरी भुवन ते म्यु.घ.नं. 155 हाजी हबीब Fest.",89.3,ok,
002-Fellowship_High_School_Ground_Floor_Hall_August_Kranti_Marg_Mumbai-36.pdf,"अ) गोवालिया टँक क्रॉस लेन म्यु घ.नं. 26 रिध्दी-सिध्दी अपार्टमेंट, ( टॅंकर व्हिला अ ते म्यु.घ.नं.26 टँकर व्हिला पी.)ते म्यु.घ.नं.ट्रान्झिस्ट कॅम्प 1व 2. ब) गोवालिया टँक क्रॉस लेन (तेजपाल गल्ली )म्यु घ.नं. 1 चंद्रोव्हिला ते म्यु.घ.नं.6 तेजपल बिल्डिंग. क)आऑगस्ट क्रांती मार्ग म्यु.घ.नं.9 डी, म्युनिसिपल चाळ ते गार्डन व्ह्यू.",85.0,ok,
003-St._Stephen_s_Church_Hall-A_August_Kranti_Marg_Mumbai-36.pdf,"ऑगस्ट क्रांती मार्ग, म्यु.घ.नं.121 अ, पारसी पंचायत ते म्यु.घ.नं.141, मॉन्टी रोझा ade saree.",81.8,ok,
004-New_Era_School_Gr.Flr_Room_No._24_Nyaymurti_Sitaram_Patankar_Marg_Mumbai-400007.pdf,"अ) न्या.सिताराम पाटकर मार्ग, म्यु.घ.नं. 1 क्वालिटी हाऊस ते म्यु.घ.नं. 37 बाच्छा गांधी मेमोरीयल बिल्डिंग नं.2. ब)कृष्णा सांधी मार्ग ( ओवेडेन रोड) म्यु. घ.नं.1 , माझदा व्हिला ते म्यु.घ.नं 9 सरस्वती हाऊस. क)भाईदास मगनलाल पथ (पानगल्ली), म्यु.घ.नं.21 सुर्यकिरन ते म्यु .घ.नं. 21जी तेजपल बिल्डिंग. ड) न्या. सिताराम पाटकर मार्ग, म्यु.घ.नं. 22 बाडिया हाऊस ते म्यु.घ.नं.36 अ शांती निवास (दळवी हॉस्पीटल).",91.1,ok,
005-Sevasadan_Society_Ramabai_Navrange_Teacher_College.pdf,"अ) डॉ. काशीबाई नवरंगे मार्ग, म्यु.घ.नं.5, अलेक्झांडडा हाऊस ते होम शेड. ब) लॅबर्नम रोड, म्यु.घ.नं.3 गोरा गांधी अपार्टमेंट ते म्यु.घ.नं.22, मानसेठ निवास. क) वाच्छा गांधी रोड, म्यु.घ.नं.1 टेंपल व्हयू ते म्यु.घ.नं.22 गुरु दत्ता सिंग बिल्डिंग.",87.5,ok,
006-Shreyas_Hall_Ground_Floor_Dadi_Sheth_2nd_Cross_Lane_Mumbai-400_006.pdf,"अ)कुलपती के.एम.मुन्शी रोड, म्यु.घ.नं. 5 एल एन.एच.ओ. इस्टेट ते म्यु.घ.नं.12-14 सोनी बिल्डिंग 46. ब) डॉ. एन.ए.पुंरदरे रोड, म्यु.घ.नं. 3 इस्लाम क्लब ते म्यु.घ.नं.11अ एडनवाला बिल्डिंग. क) पंडीता रमाबाई रोड, म्यु.घ.नं. 2 म्युनिसीपल कक्‍वार्टर्स ते म्यु.घ.नं. 50 मेकोचंद हॉल. ड) बाबुलनाथ 2री क्रॉस लेन, Ba. गिलबर्ट बिल्डिंग ते म्यु.घ.नं.5 आनंद भवन.",88.9,ok,
007-Shreyas_Hall_Ground_Floor_Dadi_Sheth_2nd_Cross_Lane_Mumbai-400_006.pdf,"अ) बाबुलनाथ रोड, म्यु.घ.न.1 वसंत विलास ते म्यु.घ.न.29-31 सुर्यप्रकाश हॉस्पिटल. ब) बाबुलनाथ रोड, म्यु.घ.न. 2, नादिरशाह बिल्डिंग ते म्यु.घ.न.30, राज मयुर बिल्डिंग.",90.2,ok,
008-Shreyas_Hall_Ground_Floor_Dadi_Sheth_2nd_Cross_Lane_Mumbai-400.pdf,"दादी सेठ मार्ग, म्यु.घ.नं. 2 रतन हाऊस ते म्यु.घ.नं. 15, दिसास हॉस्पिटल.",90.7,ok,
009-Shreyas_Hall_Ground_Floor_Dadi_Sheth_2nd_Cross_Lane_Mumbai-400_006.pdf,"अ) दादीसेठ रोड,दुसरी wre लेन म्यु. घ. नं. 4 कुवर बिल्डिंग ते म्यु.घ.न.14 तेज किरण. ब) चिरंजीलाल लोयलका रोड, (सिरी रोड) म्यु.घ.नं.3 राम मंदिरते म्यु.घ.नं.>लोयलका कॉटेज. क) चिरंजीलाल लोयलका रोड, (सिरी रोड),म्यु.घ.नं.18 म्युनिसीपल चाळ नं.2 ते म्यु.घ.न.162 म्युनिसिपल चाळ नं.28. (पान शॉप).",86.9,ok,
010-Public_Works_Department_P.W.D.Kh.No.1_Khatija_Shafi_Marg-2_Mumbai_400_006.pdf,"अ) बाळ गंगाधर खेर मार्ग , म्यु.घ.न. 3 म्युनिसीपल बंगला ते म्यु.घ.न.34 War व्हयु. ब) बाळ गंगाधर खेर मार्ग, म्यु .घ.न. स्पेन्टा बिल्डिंग नं.1ते म्यु.घ.नं15 /13 ई एल सिड बिल्डिंग. क) बाळ गंगाधर खेर मार्ग, म्य॒ .घ.न.15 अ हिल व्ह्यु.ते म्यु.घ.नं.47 चिमणलाल दामोदर बंगला.",86.8,ok,
011-Cathedral_and_John_Canon_Infant_School_Floor_No.1_Khatija_Shafi_Marg-2_Mumbai-400_006.pdf,"अ) एल. डी. रूपारेल मार्ग, म्यु.घ.न. 11 जीवन ते म्यु.घ.न. 29 ret पॉलीस. ब) एल. डी. रूपारेल मार्ग, म्यु.घ.न. 6 हैदराबाद हाऊस ते म्यु.घ.न. 6 हेदराबाद इस्टेट एच.",90.3,ok,
012-Cathedral_and_John_Canon_Infant_School_Ground_Floor_Room_No.2_Khatija_Shafi_Marg-2_Mumbai-400_006.pdf,"ब) एल. डी. रूपारेल मार्ग, म्यु.घ.न. 1, अजंठा ते म्यु.घ.न. 19 पावलोबा. ब) एल डी रूपारेल मार्ग ,आशानगर झोपडपट्टी क्रं. 1 ते 102 .",89.5,ok,
013-Cathedral_and_John_Canon_Infant_School_Floor_No._3_Khatija_Shafi_Marg-2_Mumbai-400_006.pdf,"लिटील fest रोड, म्यु.घ.नं. 3 पी डब्ल्यू डी बिल्डिंग ते ऑटोमिक एनर्जी Wess Fae.",82.6,ok,
014-Cathedral_and_John_Canon_Infant_School_Ground_Floor_Hall_A_Khatija_Shafi_Marg-2_Mumbai-400_006.pdf,"अ) लिटील गिब्ज रोड, म्यु.घ.नं. 22 कासा ग्रॅंड ते म्यु.घ.नं.8 अली मनोर बिल्डींग. ब) एल.डी. रूपारेल मार्ग, म्यु.घ.नं. 51 मलबार अपार्टमेंट ए ते जी. क) एल.डी .रूपारेल मार्ग, सिमला हाऊस झोपडपट्टी 234 ते 280 . ड) लक्ष्मीबाई जगमोहनदास रोड, म्यु.घ.नं.61 ,जलदर्शन बिल्डिंग 3 ते जलदर्शन बिल्डिंग नं 4.",89.2,ok,
015-Cathedral_and_John_Canon_Infant_School_Ground_Floor_Hall_B_Khatija_Shafi_Marg-2_Mumbai-400_006.pdf,"एल.डी रूपारेल मार्ग, गोद्रेज बाग ade.",76.9,ok,
016-Cathedral_and_John_Canon_Infant_School_Ground_Floor_Hall_K_Khatija_Shafi_Marg-2_Mumbai-400_006.pdf,"एल.डी .रूपारेल मार्ग, मेहरीना ए ते सिमला हाऊसिंग सोसायटी (ई).",89.1,ok,
017-Cathedral_and_John_Canon_Infant_School_1st_Floor_Open_No.1_Khatija_Shafi_Marg-2_Mumbai-400_006.pdf,"एल. डी .रूपारेल मार्ग, सिमला हाऊस झोपडपट्टी झो. क्र. 1 ते 233.",91.2,ok,
018-Cathedral_and_John_Canon_Infant_School_Ground_Floor_Hall_D_Khatija_Shafi_Marg-2_Mumbai-400_006.pdf,"एल. डी .रूपारेल मार्ग, सिमला हाऊस झोपडपट्टी, क्र. 281 ते 472 .",92.2,ok,
019-Set_Stephen_Church_Hall_August_Kranti_Marg_Mumbai-36.pdf,"लक्ष्मीबाई जगमोहनदास मार्ग, म्यु.घ.नं.1 सेट स्टीफ़न चर्च ते म्यु.घ.नं. 37 डी बेल माउंट बिल्डिंग.",87.3,ok,
020-Cathedral_and_John_Canon_Infant_School_1st_Floor_Open_No.2_Khatija_Shafi_Marg-2_Mumbai-400_006.pdf,"लक्ष्मीबाई जगमोहनदास मार्ग, म्यु.घ.नं.43 मातृ आशिष ते म्यु.घ.नं. 41, जलदर्शन बिल्डिंग नं. 2.",90.3,ok,
021-Gopi_Birla_Memorial_(Public)_School_Ground_Floor_Khali_No._Walkeshwar_Road_Mumbai-6.pdf,"वाळकेश्वर रोड, म्यु.घ.नं. 2 मुलचंद भुवन ते म्यु.घ.नं. 50 गुरूमहाराज चाळ.",88.9,ok,
022-Gopi_Birla_Memorial_(Public)_School_Ground_Floor_Block_No._B_Walkeshwar_Road_Mumbai-6.pdf,"वाळकेश्वर रोड, म्यु.घ.न. 52, लालजी प्रेमजी बिल्डींग ते म्यु.घ.नं.66 , त्रिवेणी बिल्डिंग 'जी' गॅरेज.",88.1,ok,
023-Set_Hansraj_Shroff_Building_Shishu_Shikshan_Mandir_Walkeshwar_Road_Mumbai_400_006.pdf,"वाळकेश्वर रोड, म्यु.घ.नं.68 गोपी बिर्ला मेमोरीयल (पब्लिक) स्कूल ते म्यु.घ.नं.124-126 अजंठा अपार्टमेंट.",90.9,ok,
024-Gopi_Birla_Memorial_(Public)_School_Vacant_Block_Walkeshwar_Road_Mumbai-6.pdf,"वाळकेश्वर रोड, म्यु.घ.नं.55, सोभाग्य महल ते म्यु.घ.नं. 87 जयभवन.",85.0,ok,
025-Gopi_Birla_Memorial_(Public)_School_Khali_Cr._Walkeshwar_Road_Mumbai-6.pdf,"शि grace रोड म्यु.घ.नं.91गोल्ड क्राफ्ट ते म्यु.घ.नं.115 अफगान कॉन्सुलेट.",81.0,ok,
026-Raj_Bhawan_Municipal_Primary_Marathi_School_(Juni)_Walkeshwar_Road_Mumbai-6.pdf,"अ) वाळकेश्वर रोड, म्यु.घ.नं.175 नवयुग चाळ ते नाथ स्मृती. ब) वाळकेश्वर रोड, म्यु.घ.नं.231ललित स्मृती ते म्यु.घ.नं. 257 सारस्वत बिल्डींग. क) वाळकेश्वर रोड, म्यु.घ.नं.128 वेद महाल ते म्यु.घ.नं.148 अनिल निवास. ड) शांताराम नारायण लेन, म्यु.घ.नं.138 दोलत चंद झवेरी बिल्डिंग ते म्यु.घ.नं.233अ कोहली निवास.",93.6,ok,
027-Raj_Bhavan_Municipal_Primary_Marathi_School_(Juni)_Walkeshwar_Road_Mumbai-6.pdf,"वाळकेश्वर रोड, म्यु.घ.नं.261 सेक्रेटरी चाळ ते पी.डब्लु.डी .चोकी.",90.5,ok,
028-Kambala_Hill_English_School_Gr.Flr_Hall_(North_Side)_Darbasha_Road_Mumbai-400_006.pdf,"Empty",57.7,ok,
029-Kambala_Hill_English_School_Gr.Flr_Hall_(South_Side)_Darbasha_Road_Mumbai-400_006.pdf,"Empty",67.7,ok,
030-Kambala_Hill_English_School_Gr.Flr_Hall_Open_No.1_(Mangal_Kunj_Building)_Bhausaheb_Hire_Marg_Mumbai-400_006.pdf,"अज) बाळगंगाधर खेर मार्ग म्यु.घ.नं.18 रिज अपार्टमेंट ते म्य.घ.नं.40 दिल खुश. ब) भाऊसाहेब हिरे मार्ग, म्यु.घ.नं.10 सुंदत्ता अपार्टमेंट ते म्यु.घ.नं.12 सोरेंटो ade क्वॉर्टर्स.",87.4,ok,
031-Kambala_Hill_English_School_Gr.Flr_Hall_Open_No.2_(Mangal_Kunj_Building)_Bhausaheb_Hire_Marg_Mumbai-400_006.pdf,"भाऊसाहेब हिरे मार्ग, म्यु.घ.नं.12 दर्शन अपार्टमेंट अ- ते म्यु.घ.नं.19 मानस सरोवर अपार्टमेंट.",88.9,ok,
032-Kambala_Hill_English_School_Gr.Flr_Hall_Open_No.3_(Mangal_Kunj_Building)_Bhausaheb_Hire_Marg_Mumbai-400_006.pdf,"empty",67.7,ok,
033-Kambala_Hill_English_School_Gr.Flrl_Majla_E.1_L_(Mangal_Kunj_Building)_Bhausaheb_Hire_Marg_Mumbai-400_006.pdf,"अ) रतिलाल ठक्कर मार्ग, म्यु.घ.नं.254 सुलसा अपार्टमेंट. ब) एल.डी .रूपारेल मार्ग, म्यु.घ.नं.322 कैलाश निकेतन ते रॉकडेल सवट FAH.",81.3,ok,
034-Kambala_Hill_English_School_Gr.Flrl_Majla_E.2nd_(Mangal_Kunj_Building)_Bhausaheb_Hire_Marg_Mumbai-400_006.pdf,"अ) ग्राहमबेल रोड, म्यु.घ.नं.19 सैफी महल ते म्यु.घ.नं.10 हिल पार्क. ब)भाऊसाहेब हिरे मार्ग, म्यु.घ.नं. 9 तोरणा बिल्डींग ते ग्लेनरीज .",90.8,ok,
035-Walsingam_High_School(Tiger_Hall)Gr.Flra_Majla(South)-_A_Lady_Lakshmibai_Jagmohandas_MargMumbai-6.pdf,"लक्ष्मीबाई जगमोहनदास मार्ग म्यु.घ.नं.61 राम मॅन्शन ते म्यु.घ.नं.87 प्रेम मिलन.",82.6,ok,
036-Walsingam_High_School_(Tiger_Hall)_Ground_Floor_(B)_Lady_Lakshmibai_Jagmohandas_Marg_Mumbai-6..pdf,"अ) रूंगठा गली ,जयप्रकाश नगर झोपडपटटी . ब) लक्ष्मीबाई जगमोहनदास मार्ग म्यु.घ.नं.82, जस्मीन लॉज ते म्यु.घ.नं. 90 ब शहनाझ सी आणि डी .",89.4,ok,
037-Walsingam_High_School_(Tiger_Hall)_Ground_Floor_(A)_Lady_Lakshmibai_Jagmohandas_Marg_Mumbai-6..pdf,"Empty",57.7,ok,
038-Walsingham_High_School(Tiger_Hall)_Ground_Floor-(E)Lady_Lakshmibai_Jagmohandas_MargMumbai-6.pdf,"लक्ष्मीबाई जगमोहनदास मार्ग, म्यु.घ.नं.62 मिस्त्री मनोर ते म्यु.घ.नं.68 ए रूंगठा चाळ.",91.5,ok,
039-Walsingam_High_School(Tiger_Hall)Gr.Flr_-(E)Lady_Lakshmibai_Jagmohandas_MargMumbai-6.pdf,"अ) नारायण दाभोळकर रोड, म्यु.घ.नं.2 निम्फ़ अपार्टमेंट ते म्यु.घ.नं.4 विधानी अपार्टमेंट. ब) रूगंठा लेन अशोक अपार्टमेंट ते म्यु.घ.नं.68 ब्राइटन बिल्डींग . क) लक्ष्मोबाई जगमोहनदास मार्ग ,म्यु.घ.नं.80 स्टार डस्ट अ ते म्यु.घ.नं.80 पेरिना सवंट sarees . ड) रुंगठा लेन म्यु.घ.नं.68 बी ब्राईटन बिल्डिंग नं.2 ते म्यु.घ.नं.78 सागर कुंज.",88.7,ok,
040-Walsingam_High_School(Tiger_Hall)Gr.Flra_Majla-(F)Lady_Lakshmibai_Jagmohandas_MargMumbai-6.pdf,"लक्ष्मीबाई जगमोहनदास मार्ग म्यु.घ.नं.80 दर्या महल",77.8,ok,
041-Manav_Mandir_Trust_School_Gr.Flr_Hall_(East_Side)_A_Manav_Mandir_Road_Mumbai-400006.pdf,"अ) लक्ष्मीबाई जगमोहनदास मार्ग, म्यु.घ.नं.95 किलाचंद बंगलो ते म्यु.घ.नं.97 चंद्रलोक अ. ब) लक्ष्मीबाई जगमोहनदास मार्ग, म्यु.घ.नं.94 संधी हाउस ते म्यु.घ.नं.100 उद्यान स्वेट Fas .",86.6,ok,
042-Manav_Mandir_Trust_School_Gr.Flr_Hall_(East_Side)_B_Manav_Mandir_Road_Mumbai-400006.pdf,"अ) बाळ गंगाधर खेर मार्गम्यु.घ.नं.42 पुरब अपार्टमेंट ते म्यु.घ.नं. 56 एल.आय.सी .बिल्डिंग ब) मानव मंदीर रोड,म्यु.घ.नं.6 , खटाव बंगला ते म्यु.घ.नं.10 शकुंतला बिल्डिंग.",84.5,ok,
043-Manav_Mandir_Trust_School_Gr.Flr_Hall_(East_Side)_A_Manav_Mandir_Road_Mumbai-400006.pdf,"अ) मानव मंदिर रोड, म्यु.घ.नं.5 जीवन विहार ते म्यु.घ.नं.11 अनुपम बिल्डिंग. ब) मानव मंदिर रोड, म्यु.घ.नं.12 चंद्रलोक ब आणि म्यु.घ.नं.43 ब, जमुना निकेतन बिल्डिंग .",86.8,ok,
044-Balakalyani_School_Rocky_Hill_Plot_Compound-(A)_Narayan_Dabholkar_RoadMumbai-400006.pdf,"empty",67.7,ok,
045-Hindi_School_Gr.Flr_Open_No._1Dr.Bhagwandas_Indrajit_Road_Mumbai-400_006.pdf,"Empty",57.7,ok,
046-Hindi_School_Gr.Flr_Open_No._2_Dr.Bhagwandas_Indrajit_Road_Mumbai-400_006.pdf,"अ) बाणगंगा रोड, म्यु.घ.नं.67 मेहता चाळ ते बाणगंगा झोपडपटटी ( शिवाजी नगर झोपडपटटी). ब) बाणगंगा रोड ,म्यु.घ.नं.73 प्रकाश भवन ते म्यु.घ.नं.99 नारायण व्हिला.",90.1,ok,
047-Hindi_School_Gr.Flr_Open_No._3_Dr.Bhagwandas_Indrajit_Road_Mumbai-400_006.pdf,"बाणगंगा रोड, म्यु.घ.नं.18 रामकुंड नगर झोपडपटटी ते म्यु.घ.नं.91 एफ़ रामनाथ चौधरी घाट झोपडपट्टी.",90.9,ok,
048-Hindi_School_Gr.Flr_Open_No._4_Dr.Bhagwandas_Indrajit_Road_Mumbai-400_006.pdf,"अ) बाणगंगा रोड, म्यु.घ.नं.15 हरिशचंद्र जरिवाला मॅन्शन ते म्यु.घ.नं.71, कुष्ण मोहन बिल्डिंग. ब) बाणगंगा रोड, म्यु.घ.नं.14 ,आत्माराम निवास ते म्यु.घ.नं.67 फ्लोअर मिल. क) जमनादास मेहता मार्ग, म्यु.घ.नं.3 सागरदिप ते म्यु.घ.न. 13 लॅन्डस एन्ड हाऊस.",90.7,ok,
049-Kavale_Math_Municipal_School_Open_No.1_Gr.Flr_Dungarsi_Road_Mumbai-400_006.pdf,"भगवानदास इंद्रजित रोड, म्यु.घ.नं.91डी लक्ष्मी निवास ते म्यु.घ.नं.28 भगवानदास आखाडा.",86.4,ok,
050-Kavale_Math_Municipal_School_Open_No.2_Gr.Flr_Dungarsi_Road_Mumbai-400_006.pdf,"भगवानदास इंद्रजित रोड, सोनापूर झोपडपटटी (कालीमाता नगर) ते प्रेमनगर झोपडपट्टी.",91.9,ok,
051-Kavale_Math_Municipal_School_Open_No.3_Gr.Flr_Dungarsi_Road_Mumbai-400_006.pdf,"डुगंरशी रोड, म्यु.घ.नं.23 भगवानदास गोवर्धन चाळ ते म्यु.घ.नं.29 डी, लॅन्ड एन्ड को-ऑपरेटीव्ह होसिंग सो. (कोझी कॉर्नर).",84.8,ok,
052-Kavale_Math_Municipal_School_Open_No._12_1_La_Mala_Dungarsi_Road_Mumbai-400_006.pdf,"डुंगरशी रोड, म्यु.घ.नं.23 बाबा नगर ते जोगानी अपार्टमेंट.",89.2,ok,
053-Kavale_Math_Municipal_School_Open_No._13_1_La_Mala_Dungarsi_Road_Mumbai-400_006.pdf,"अ) बाणगंगा क्रॉस लेन, म्यु.घ.नं.19 गंगालहरी ते म्यु.घ.नं.23, het नेस्ट . ब) बाणगंगा 2 री क्रॉस लेन 'म्यु.घ.नं.9 पुजारी बिल्डींग ते म्यु.घ.नं.13 नवी चाळ.",83.9,ok,
054-Raj_Bhawan_Municipal_Primary_Marathi_School_(Juni)_Valkeshwar_RoadMumbai-400_006.pdf,"अ) वाळकेश्वर मार्ग, म्यु.घ.नं.242 कमल कुंज ए म्यु.घ.नं.268 जेठा मेघजी झोपडपट्टी, ब) बाणगंगा क्रास रोड (लेन), म्यु.घ.नं.270 ए वन अपार्टमेंट ते केशवजी जाधवजी सिनेटेरीयम. क) वाळकेश्वर रोड, म्यु.घ.नं.194 नरसी बिल्डींग ते म्यु.घ.नं.240 ड डाह्याभाई पुरुषोत्तम चाळ. ड) डुंगरशी रोड , म्यु.घ.नं.17 , अस्मिता नं.1ते म्यु.घ.नं .6 राजहंस.",91.1,ok,
055-Hillgrange_High_School_Primary_Section_Gr.Flr__Dr._Gopalrao_Deshmukh_Road_Mumbai-400026.pdf,"अ) डॉ. गोपाळराव देशमुख मार्ग,म्यु.घ.नं.135 शाहबाग बिल्डिंग ते म्यु.घ.नं.74/3 [प्रेम कोर्ट अपार्टमेंट. ब)डॉ.गोपाळराब देशमुख मार्ग, म्यु.घ.नं.7 इंन्कम टॅक्स sales ते हिलग्रेज हायस्कुल.",86.7,ok,
056-Tulshidas_Gopalji_Trust_Marriage_Hall-(A)_Bhulabhai_Desai_Road_Mumbai-00_0026.pdf,"अ) महालक्ष्मी मंदीर कंपाऊंड,म्यु.घ.नं.2 बी शिला अपार्टमेंट ते म्यु.घ.नं.24, विद्याथी आश्रम आणि महालक्ष्मी हाजिअली सेवा सदन.को-ऑपरेटीव्ह सो. झोपडपट्टी. ब) महालक्ष्मी मंदिर कंपाऊंड, म्यु.घ.नं.1 श्री अवस्ती मारुती मंदिर, ते म्यु.घ.नं11 कुसुम सदन.",90.6,ok,
057-Tulshidas_Gopalji_Trust_Marriage_Hall-(B)_Bhulabhai_Desai_Road_Mumbai-00_0026.pdf,"महालक्ष्मी मदिर कंपाऊंड , मारुती मंदिर,म्यु.घ.नं.13 क रामदास भुसारी बनिया चाळ ते महालक्ष्मी महल बी.",93.5,ok,
058-Tulshidas_Gopalji_Trust_Marriage_Hall-(A)_Bhulabhai_Desai_Road_Mumbai-00_0026.pdf,"अ) भुलाभाई देसाई रोड, म्यु.घ.नं.2 शिवतिर्थ पश्‍चिम विंग नं.1ते म्यु.घ.नं.2ए शिवतिर्थ,पश्‍चिम विंग नं.2 ब) महालक्ष्मी मंदिर कंपाऊंड, म्यु.घ.नं.22,रेबा अपार्टर्मेट ते रेवा हाऊस बंगलो. क) महालक्ष्मी मंदीर कंपाऊंड, म्यु.घ.नं.14 पंचायत चाळ ते म्यु.घ.नं.11 खेतजी प्रेमजी चाळ ड)भुलाभाई देसाई रोड ,म्यु.घ.नं.16क तुळशीदास गोपाळजी ट्रस्ट ते 2ए संभबतीर्थ",90.4,ok,
059-Mahalaxmi_Upper_Primary_Marathi_School_1st_Floor_No.4_Bhulabhai_Desai_Road_Mumbai-400026.pdf,"डॉ. गोपाळराव देशमुख मार्ग,म्यु.घ.नं.12 हिमगिरी अपार्टमेंट ते म्यु.घ.नं.20 सतनाम सागर.",83.4,ok,
060-Mahalaxmi_Upper_Primary_Marathi_School_1st_Floor_No.5_Bhulabhai_Desai_Road_Mumbai-400026.pdf,"अ) डॉ.गोपाळराव देशमुख मार्ग, म्यु.घ.नं.22 अंजुमन मॅन्शन. ब) नवरोजी गामडिया रोड, म्यु.घ.नं.5 वेलिन्टीना गॅरेज ते म्यु.घ.नं.13 अक्वामरिन. क) नवरोजी गामडिया रोड, सहानी व्हिला ते माऊंट युनिक. ड) भुलाभाई देसाई रोड , तिरुपती अपार्टमेंट (अमर ते आशौष). ई) बेहरामजी गामडिया रोड,म्यु.घ.नं.12 गुलिस्तान ते म्यु.घ.नं.8 कारमाईकल हाऊस.",89.1,ok,
061-Model_Co-op_Hsu._Hall_(Sahakar_Niwas)_102_Pt._Madan_Mohan_Malviya_Road(Taddeo)_Mumbai-34.pdf,"अ) बेहरामजी गामडिया रोड, म्यु.घ.नं.1-3 प्रभुकुंज. ब) पंडीत मदन मोहन मालविया रोड ,(ताडदेव रोड) म्यु.घ.नं.29 बेलार्ड व्हयू ते म्यु.घ.नं.49 गुणवंत चंदुलाल चाळ .",87.2,ok,
062-Film_Center_Garage_No.1_Floor_Pt._Madan_Mohan_Malviya_Road(Taddeo)_Mumbai-34.pdf,"अ) भुलाभाई देसाई रोड, म्यु.घ.नं.35 नबरोजी अपार्टमेंट ते म्यु.घ.नं.45, दत्तप्रसाद हौसिंग सोसायटी (सिल्व्हर ओक सर्वेट क्वार्टर्स ). ब) पंडित मदनमोहन मालवीया रोड, (ताडदेव रोड) म्यु.घ.नं.80- 84 अरूण चेंबर्स ते बॉम्बे माकेट बिल्डिंग. क)भुलाभाई देसाई रोड, म्यु.घ.न.350 हिरा पन्ना ते अ Sa बॉचमन FTC.",84.3,ok,
063-Film_Center_Garage_No.3_Floor_Floor_Pt._Madan_Mohan_Malviya_Road(Taddeo)_Mumbai-34.pdf,"पंडित मदनमोहन मालविया रोड ,(ताडदेव रोड) म्यु.घ.नं.46. मणियार चाळ ते म्यु.घ.नं.72 -एफ़, धिरज भवन चाळ .",85.8,ok,
064-Basantsingh_Anil_Dharmadaya_Trust_Gr.Flr_A_Bhulabhai_Desai_Road_Mumbai-400_026.pdf,"शि भुलाभाई देसाई रोड, म्यु.घ.नं.47 सरस्वती सदन ते म्यु.घ.नं.51 डी साहिर बिल्डिंग आणि समुद्र सेतु.",84.5,ok,
065-Hillgrange_High_School_Gr.Flr_-(A)_Dr._Gopalrao_Deshmukh_Road_Mumbai-400026.pdf,"अ) कारमायकल रोड,7( एम.एल.डहाणुकर रोड) म्यु.घ.नं.3 अलेब्रा हाऊस ते वर्माज ST सर्वटक्वार्टर्स. ब)डॉ.गोपाळराव देशमुख मार्ग ,म्यु.घ.नं.4 ब कॅम्प बेल हाऊस ते म्यु.घ.नं. 2 ब्ल्यु गार्डनीया.",84.6,ok,
066-Hillgrange_High_School_Gr.Flr_-(B)_Dr._Gopalrao_Deshmukh_Road_Mumbai-400026.pdf,"अ) डॉ.गोपाळराव देशमुख मार्ग म्यु.घ.नं.15 रिजुमल मॅन्शन ते म्यु.घ.नं.31 विकास बिल्डिंग. ब) एम एल डहाणुकर मार्ग, म्यु.घ.नं.2अ .नंदादिप ते म्यु.घ.नं.22अ चान्सलर्स कोर्ट.",87.3,ok,
067-Hillgrange_High_School_Gr.Flr_-(A)Dr.Gopalrao_Deshmukh_RoadMumbai-400026.pdf,"डॉ.गोपाळराव देशमुख मार्ग , म्यु.घ.नं.30 किरण व्हीला ते म्यु.घ.नं.50 विंड fem.",83.4,ok,
068-Belvander_Central_Government_Officers__Quarters_Garage_No._10-11_Floor_Bhulabhai_Desai_Road_Mumbai_400_026.pdf,"अ)बोमनजी पेटीट रोड म्यु.घ.नं.17 सेक्रेटरी क्वार्टर्स ते म्यु.घ.नं.36 लक्ष्मी महल. ब)सोफिया कॉलेज रोड, म्यु.घ.नं.61अ रूखिया मंझिल ते म्यु.घ.नं.62 शंकर सागर.",87.8,ok,
069-Belvender_Central_Government_Officers__Quarters_Garage_No._12-13_Floor_Bhulabhai_Desai_Road_Mumbai_400_026.pdf,"अ) Bala कॉलेज रोड, म्यु.घ.नं.6 सी बिपशगेट ते गुरूकुल. ब) भुलाभाई देसाई रोड, म्यु.घ.नं.68 किस्मत ते म्यु.घ.नं.77 मिस्त्री पार्क.",86.7,ok,
070-Belvender_Central_Government_Officers__Quarters_Garage_No._14-15_Floor_Bhulabhai_Desai_Road_Mumbai_400_026.pdf,"अ) रजबअली पटेल रोड, म्यु.घ.नं.81, जीबन आनंद ते म्यु.घ.नं.55 ,कुंबरभाई व्हिला बंगला. ब) सोफिया कॉलेज रोड, म्यु.घ.नं.59, जे.के.हाऊस ते म्यु.घ.नं.81 'पुष्पमिलन बिल्डिंग.",85.2,ok,
071-Belvander_Central_Government_Officers__Quarters_Garage_No.16-1.pdf,"अ) बोमनजी पेटीट रोड, ग्रीन लेन्स We क्वार्टर्स ते चिनॉय मॅन्शन. ब)भुलाभाई देसाई रोड ,म्यु.घ.नं.54, आनंद भवन ते म्यु.घ.नं.70 के ब्रीच केन्डी अपार्टमेंट आऊट हाऊस.",87.9,ok,
072-Villa_Terrace_Convent_SchoolGr._floor.pdf,"डॉ.गोपाळराबव देशमुख रोड, म्यु.घ.नं.31 एफ हिल क्रिस्ट ते म्यु.घ.नं.67 वुडलंन्ड-अ.",81.4,ok,
073-Villa_Terrace_Convent_SchoolGr._floor.pdf,"अ) एस.के.बडोदाबाला रोड,म्यु.घ.नं.348 डिलक्स अपार्टमेंट ते म्यु.घ.नं.34, मॉर्डन मनोर. ब) एस.के बडोदाबाला रोड, म्यु.घ.नं.36 क्रिस्टल ते म्यु.घ.नं.25 बी मुरारका हाऊस.",89.8,ok,
074-Villa_Terrace_Convent_SchoolGr._floor.pdf,"अ) डॉ. गोपाळराव देशमुख रोड, म्यु.घ.नं.52 मार्बल आर्च ते म्यु.घ.नं.62 , सुनिता-ई. ब)डॉ.गोपाळराव देशमुख रोड, म्यु.घ.नं.67 Geers (बी) ते म्यु.घ.नं.67 बुडलॅन्ड (क)",86.0,ok,
075-Villa_Terrace_Convent_SchoolGr._floor.pdf,"अ) डॉ.गोपाळराव देशमुख रोड, म्यु.घ.नं.66 ,व्हिला टेरेसा ते म्यु.घ.नं.76, इंडिया हाऊस. ब) एम. एल. डाहुणकर मार्ग, बल्लभ निवास, ते म्यु.घ.नं. 31 भावेश्वर दर्शन.",87.8,ok,
076-New_Model_Infant_School_Gr.Flr_Room.No.1_Bhulabhai_Desai_Road_Mumbai-400_026.pdf,"अ) ऑगस्ट क्रांती मार्ग, म्यु.घ.नं.118 इंडिया हाऊस नं.! ते म्यु घ.नं.132 दामोदर महल बी ब) भुलाभाई देसाई रोड, म्यु.घ.नं.81 सागर दर्शन ते म्यु.घ.नं.87 बल्लभ अपार्टमेंट.",88.3,ok,
077-New_Model_Infant_School_Gr.Flr_Road_No._2_Bhulabhai_Desai_Road_Mumbai-400_026.pdf,"भुलाभाई देसाई रोड, म्यु.घ.नं.91 अ नानिक AR ते म्यु.घ.नं. 95 के खटाव मॅन्शन.",89.3,ok,
078-New_Model_Infant_School_Gr.Flr_Hr.No.3_Bhulabhai_Desai_Road_Mumbai-400_026.pdf,"अ) भुलाभाई देसाई रोड, म्यु.घ.नं.68 ब्रीच कॅन्डी गार्डन ते म्यु.घ.नं.80 वैभव. ब) भुलाभाई देसाई रोड, म्यु.घ.नं.61 बी,समरसेठ हाऊस ade बवार्टर्स .",85.3,ok,
079-New_Model_Infant_School_Gr.Flr_Road_No.4_Bhulabhai_Desai_Road_Mumbai-400_026.pdf,"अ) खंबाला हिल रोड, म्यु.घ.नं.5 बानु मॅन्शन ते पारसी पेटीट सर्वट क्‍वार्टर्स. ब) भुलाभाई देसाई रोड ,म्यु.घ.नं.63, सुर्या अपार्टमेंट ते म्यु.घ.नं.61अ समरशेठ हाऊस.",87.4,ok,
080-Activity_High_School_Gr.Flr_Kho.No._1_Navroji_Gamadia_Road_Mumbai-400_026.pdf,"अ) बेहरामजी गामडिया रोड, म्यु.घ.नं.5 शहाबाग ते गामडिया कंपाऊंड. ब) एम.एल.डहाणुकर मार्ग,म्यु.घ.नं.21 सिल्विन रोझ बिल्डिंग ते उषा किरण. क) एम. एल. डहाणुकर मार्ग, म्यु.घ.नं.17 सी ख्सीला ते म्यु.घ.नं.16 निर्मला व्हिजन.",87.8,ok,
081-Apnalaya_Balwadi_Hall_M.P.Mill_Compound_Taddeo_Mumbai-400_034.pdf,"एम.पी .मिल. कंपाऊंड, पोलिस ऑफिसर्स Fares नं. 1 ते न्यू पोलिस लाईन बिल्डिंग नं.5,",86.1,ok,
082-Apnalaya_Balwadi_Hall_M.P.Mill_Compound_Taddeo_Mumbai-400_034.pdf,"अ) एम.पी.मिल कंपाऊंड, पोलिस ऑफिसर्स व्वार्टर्स नं.6, ब) एम.पी.मिल कंपाऊंड,न्यू पोलिस लाईन बिल्डिंग नं.7 ते 11 अ.",87.3,ok,
083-Shantidevi_Banerjee_Vidyalaya_Sonawala_Building_No._4_A_1st_Floor_Road_No._4_Falkland_Road_Low_Level_(D)_Mo._400_0034.pdf,"अ) West दादाजी रोड, म्यु.घ.नं.155 सोनावाला बिल्डिंग ते म्यु.घ.नं.187 अ गांधी बिल्डिंग. ब) पठ्ठे बाबूराव मार्ग ,(फॉकलेन्ड ब्रिज) लो लेव्हल (साऊथ),म्यु.घ.नं.4 सोनावाला बिल्डिंग ते म्यु.घ.नं. 3ए ते म्यु.घ.नं.4ई सोनाबाला बिल्डिंग नं.3सी.",86.9,ok,
084-Garton_Girls_High_School_Ground_Floor_(A)_Nausheer_Bharucha_Marg_Mumbai-400_007.pdf,"अ)नौशिर भरूचा मार्ग, सोनाबाला बिल्डिंग नं.7-8 ते गणेश प्रसाद ब्लॉक सी. ब) ARR भरूचा मार्ग, मुंबई गृहनिर्माण व क्षेत्रीय विकास मंडळ रचना 4.43 ते रचना क्र.4ब.",84.2,ok,
085-Garton_Girls_High_School_Ground_Floor_Hall_(B)_Nausheer_Bharucha_Marg_Mumbai-400_007.pdf,"नौशीर भरुचा मार्ग, नं16अ ए.आर. पी .चाळ नं.2 ते म्यु .घ. नं.16 'जे' विठ्ठलदास ठाकुरदास चाळ (साईप्रसाद हौंसिंग सोसायटी) .",86.3,ok,
086-Garton_Girls_High_School_Ground_Floor_Hall_(A)_Nausheer_Bharucha_Marg_Mumbai-400_007.pdf,"AR भरूचा मार्ग, म्यु.घ.नं.16 के ठाकुरदास चाळ,( साईप्रसाद हौसिंग सोसायटी) ते मुंबई गृहनिर्माण क्षेत्रीय बिकास मंडळ रचना नं.2.",87.6,ok,
087-Garton_Girls_High_School_Ground_Floor_Hall_(E)_Nausheer_Bharucha_Marg_Mumbai-400_007.pdf,"अ) नोशिर भरूचा मार्ग म्यु.घ.नं.30 नाजु बिल्डिंग ते सैदुनिसा हाऊस. ब) लेडी पोचखनबाला मार्ग, म्यु.घ.न.1 रुस्तमजी बिल्डिंग ते ज्योती महल. क) नौशिर भरूचा मार्ग म्यु.घ.न.16 ए,ए आर.पी.चाळ नं.1",84.1,ok,
088-B.M.Gamadia_Polytechnical_Institute_Gr.Flr_Hall_(A)_Gamadia_Colony_Mumbai-400_007.pdf,"गजदर झरीन फरामरोझ q गजदर फरामरोझ प-1 दारुवाला मीनु पी q दारुबाला पी प-1 दारुवाला नरगीस A प॒ दारुबाला मीनु ql दारुवाला शाम शारुक q दारुबाला wen दु-2 मिस्त्री जमशेद q मिस्त्री दु-2 मिस्त्री दाली प मिस्त्री दु-2 मिस्त्री नोसी q मिस्त्री म्यु.घ.न.6 मोहन बिल्डिंग 'ए' व) दिनानाथ मंगेणकर मार्ग (mss Fe) cat ver पिनकोड 400036",76.5,ok,
089-B.M.Gamadia_Polytechnic_Institute_Gr.Flr_Hall_(B)Gamadia_Colony_Mumbai-400_007.pdf,"अ) गामडिया कॉलनी सेंट सोराबजी आरदेशीर प्रेमजी पटेल बिल्डिंग ते ताराचंद कॉटेज. ब) जावजी दादाजी रोड,म्यु.घ.नं.162, बाटलीवाला बिल्डिंग कंपाऊंड ते म्यु.घ.नं.248, कोरे इस्टेट.",87.9,ok,
090-B.M.Gamadia_Polytechnic_Institute_Gr.Flrl_Majla_Hall_(A)_Gamadia_Colony_Mumbai-400_007.pdf,"अ) दिनानाथ मंगेशकर मार्ग ,(फ़ोजेट हिल) म्यु.घ.नं.8, जे.के. मेहता पत्रा चाळ ते म्यु.घ.नं.78 फोजेट हाऊस. ब) दिनानाथ मंगेशकर मार्ग, (bic हिल) म्यु.घ.नं.1 ते 54 डी.जी.बी.नविन जायफळवाडी झोपडपट्टी नं.5 क)दिनानाथ मंगेशकर मार्ग, (फ़ोरजेंट हिल) डी.जी.बी.55, जायफ़ळवाडी झोपडी नं.1ते150.",86.4,ok,
091-B.M.Gamadia_Polytechnic_Institute_Gr.Flrl_Majla_Hall_(E)Gamadia_Colony_Mumbai-400_007.pdf,"दिनानाथ मंगेशकर मार्ग,(फ्रोजेट हिल) डी.जी.बी. जायफ्रळवाडी झोपडपट्टी नं.151ते नविन जायफ़ळवाडी झोपडी नं.1 ते 386.",83.3,ok,
092-Shantidevi_Banerjee_Vidyalaya_Sonawala_Building_No.4_A_1st_Floor_Floor_No.5_Falkland_Road_Low_Level_(D)_Mob._400_0034.pdf,"जावजी दादाजी रोड, म्यु.घ.नं.193 दारूवाला बिल्डिंग ते डन अपार्टमेंट एनेक्स बी ( डन अपार्टमेंट).",87.6,ok,
093-Dadaji_talmikiwadi_Indirabai_Kalyanpurkar_Auditorium_Gr.Flrl_Majla_Kholi_No.1_Gr.Flrl_Majla_235_Javaji_Dadaji_Road_Mumbai_400007.pdf,"दिनानाथ मंगेशकर मार्ग, (Hs हिल) एन्टर प्राईझ अपार्टमेंट.",83.3,ok,
094-Dadaji_talmikiwadi_Indirabai_Kalyanpurkar_Auditorium_Gr.Flrl_Majla_Kholi_No.2_Gr.Flrl_Majla_235_Javaji_Dadaji_Road_Mumbai_400007.pdf,"अ) जावजी दादाजी रोड, म्यु.घ.नं.235 एफ तालमिकी वाडी बिल्डिंग नं.1 ते तालमिकी वाडी स्टाफ़ FACS . ब) जावजी दादाजी रोड, म्यु.घ.नं.239 बोटावाला ब्लॉक ए ते भाटीया हॉस्पीटल FATE.",85.3,ok,
095-Sudatta_High_School_Gr.Flr_Hall(A)_235_Javaji_Dadaji_Road_Mumbai_400_007.pdf,"अ) जाबजी दादाजी रोड, म्यु.घ.नं.260, सेठना पारसी मंदिर ते मातृ मंदीर बिल्डिंग. ब) जावजी दादाजी रोड ,म्यु.घ.नं.306 अ श्रॉफ बिल्डिंग ते म्यु.घ.नं.308 नरोत्तम निवास (रमेश भुबन). क) जावजी दादाजी रोड ,(बाई दिनाबाई मार्ग) म्यु.घ.नं.2 ,वाच्छा मॅन्शन ते म्यु.घ.नं.4 डोंगरे मॅन्शन",91.6,ok,
096-Sudatta_High_School_Gr.Flr_Hall(B)_235_Javaji_Dadaji_Road_Mumbai_400_007.pdf,"जावजी दादाजी रोड म्यु.घ.नं.292 जे.के.राधाबाई चाळ ते म्यु .घ.नं.306 सी शंकर शेट चाळ.",89.3,ok,
097-Tukaram_Javji_Municipal_School_1st_La._Majla_House_No.1_Tukaram_Javji_Road_Mumbai-400_007.pdf,"अ) तुकाराम जावजी रोड ,म्यु.घ.नं.11 ग्लास बंगला ते म्यु.घ.नं.35-अ अब्दुल्ला बिल्डिंग. ब) तुकाराम जावजी रोड 'म्यु.घ.नं.43 सोनाबाला बिल्डिंग ते म्यु.घ.नं.57 डी सत्यभामा बिल्डिंग. क) तुकाराम जावजी रोड, म्यु.घ.नं.1 दत्तात्रय बिल्डिंग ते म्यु.घ.नं.7 दत्तात्रय बिल्डीग.",87.2,ok,
098-Tukaram_Jawaji_Municipal_School_1st_Floor_Building_No._3_Tukaram_Jawaji_Road_Mumbai-400_007.pdf,"तुकाराम जावजी रोड, म्यु.घ.नं.44 अ Teast मानाजी बिल्डिंग ते म्यु.घ.नं.48 ब रावजी मानाजी चाळ.",85.5,ok,
099-Mumbai_Marathi_Granth_Museum_1_La_Majla_Jahangir_Daji_Street_Mumbai-400_007.pdf,"अ) जहांगीर दाजी स्ट्रीट ,म्यु.घ.नं.1 80 रतन आबाद ते म्यु.घ.नं.6 रामलाल चाळ. ब) जहांगीर दाजी क्रॉस लेन, म्यु.घ.नं.11 पंडोल बिल्डिंग ते म्यु.घ.नं.211 कापडीया बिल्डींग. क) जावजी दादाजी रोड, म्यु.घ.नं.271, धन लॉज अते म्यु.घ.नं.275 क , छोटीया बिल्डिंग .",91.6,ok,
100-Rajasthani_Mahila_sanchalit_(Adarsh_​​Vidyalaya)_Ground_Floor_Hall_A.pdf,"दिनानाथ मंगेशकर मार्ग, (He हिल) म्यु.घ.नं.1 बेनसीमल fords बिल्डिंग ते म्यु.घ.नं.12 झोपडपट्टी.",80.6,ok,
101-Rajasthani_Mahila_sanchalit_(Adarsh_​​Vidyalaya)_Ground_Floor_Hall_B.pdf,"अ) क्रांतिवीर बसंतराव नाईक रोड,म्यु.घ.नं.1 राघबजी टेरेस ते म्यु.घ.नं.57 बानु मॅन्शन (RT टॉबर्स). ब) क्रांतिबीर वसंतराव नाईक रोड,म्यु.घ.नं.34 कावसजी भेदवार चाळ ते म्यु.घ.नं.38 (ओम हाऊस) .",80.5,ok,
102-Rajasthani_Mahila_sanchalit_(Adarsh_​​Vidyalaya)_first_Floor.pdf,"अ) क्रांतिवीर वसंतराव नाईक रोड,म्यु.घ.नं.44 इंदिरा निवास ते म्यु.घ.नं.50 तैय्यबजी टेरेस. ब) क्रांतिवीर वसंतराव नाईक रोड, म्यु.घ.नं.20 ए आटा चक्की (जयहरी को.ऑपरेटीव्ह.हौसिंग.सोसायटी) ते म्यु.घ.नं.16 हंपी होम.",77.6,ok,
103-Rajasthani_women-sanchalit_(Adarsh_​​Vidyalaya)1_La_Mazala_Kholi_No.2.pdf,"अ) वसंतराव नाईक रोड, म्यु.घ.नं147 आनंद नगर ए ते म्यु.घ.नं.151 आंनद नगर डी . ब) क्रांतिवीर वसंतराव नाईक रोड, म्यु.घ.नं.28 , जयराज पिरभाई बिल्डिंग ते म्यु.घ.नं.28, जयराज कंपाऊंड.",84.0,ok,
104-Villa_Terrace_Convent_School_Navi_Ima.Gr.Flr_Hr.No.1_Gopalrao_Deshmukh_Marg_Mumbai-400_026.pdf,"अ) ST रोड,म्यु.घ.न.1, ज्युपिटर ते व्हिनस अपार्टमेंट ब) एस .के. बडोदावाला रोड, म्यु.घ.नं.11,गिरीराज ते म्यु.घ.नं.19 पुष्पक अनेक्स.",82.9,ok,
105-Villa_Terrace_Convent_School_Navi_Ima.Gr.Flr_Hr.No.2_Gopalrao_Deshmukh_Marg_Mumbai-400_026.pdf,"अ) एस.के . बडोदाबाला रोड, म्यु.घ.नं.1 अ, बर्मा शेल sas ते म्यु.घ.नं.31-अ एच जे हऊस. ब) एस.के.बडोदाबाला रोड, म्यु.घ.न.21 पृथ्वी अपार्टमेंट 'ए' ते म्यु.घ.न.37 मस्कती कॉर्नर.",86.1,ok,
106-J.D._Bharda_English_School_(Navyug_Mansion)_1st_Floor_No.1_Naushir_Bharucha_Road_Mumbai-400_007.pdf,"अ) नबरोजी बकील स्ट्रीट, म्यु.घ.नं.3 इस्ट व वेस्ट व्हिला ते म्यु.घ.नं.8 विमला सदन. ब) ARR भरूचा मार्ग, म्यु.घ.नं.1ते 3 अ श्रेयस बिल्डिंग ते रेल्वे बिल्डिंग .",87.6,ok,
108-J.D._Bharda_English_School_(Navyug_Mansion)_1st_Floor_House_No.3_Naushir_Bharucha_Road_Mumbai-400_007.pdf,"अ) नौशिर भरूचा मार्ग, म्यु.घ.नं.52 Wat .युनियन बिल्डिंग ते म्यु.घ.नं.98 पटेल भवन. ब) wet Us, lot क्रॉस गल्ली, म्यु.घ.नं.4 ,बोटावाला हाऊस ते म्यु.घ.नं.21, बी पितृछाया. क) स्लेटर रोड, 2 री क्रॉस गल्ली aA.) ताडीवाला बिल्डिंग ते म्यु.घ.नं.5 अभ्यंकर बिल्डिंग नं.2 . ड) जाबजी दादाजी रोड, म्यु.घ.नं.275डी सोना बिल्डिंग ते म्यु.घ.नं.331, माजदा इस्टेट.",87.6,ok,
109-New_Model_Infant_School_Gr.Flr_Road_No.5_Bhulabhai_Desai_Road_Mumbai_400_026.pdf,"अ) ऑगस्ट क्रांती मार्ग, म्यु.घ.नं.88-अ मधु भवन ते आत्मज बिल्डिंग. ब) राघबजी पथ, म्यु.घ.नं.14 tet ad म्यु.घ.नं.12 इस्ट व्ह्यू.",79.3,ok,
110-Fellowship_High_School_(Gr.Flr_Hall_August_Kranti_Marg_Mumbai-36.pdf,"अ) ऑगस्ट क्रांती मार्ग, म्यु.घ.नं.48 अ,महाबीर जैन विद्यालय ते म्यु.घ.नं.76 हबीब मॅन्शन. ब) राघबजी पथ, म्यु.घ.नं.3 बॉम्बे ald म्यु.घ.नं.17 अ राघवजी बिल्डिंग.",82.2,ok,
111-Sevasadan_Society_Ramabai_Navrange_Adhyapika_College.pdf,"अ) ऑगस्ट क्रांती मार्ग, न्यु. म्युनीसीपल बिल्डिंग डी वार्ड ते म्यु.घ.नं.20 हरी निवास -जी (श्रीपाल अँनेक्स ए ते बी). ब) मोतीबाई स्ट्रीट, नवरोजी मॅन्शन ते म्यु.घ.नं.61, रती विला. क) ऑगस्ट क्रांती मार्ग, म्यु.घ.नं.22 कल्याणदास बिल्डिंग ( श्रीपाल टॉवर) ते म्यु.घ.नं.48, महा ak जेन विद्यालय बिल्डिंग.",90.2,ok,
112-Shree_B.P.K_Sahakari_Vidya_Mandir_Gr.Flr_House_No._(1)_Pandit_Madan_Mohd._Malviya_Marg_Mumbai_400_034.pdf,"पंडीत मदनमोहन मालवबीया मार्ग, (ताडदेव रोड) म्यु.घ.नं.3 सुधा कुंज ते म्यु.घ.नं.35 ब गोल्ड कॉईन ब ;",86.4,ok,
113-Shree_B.P.K_Sahakari_Vidya_Mandir_Gr.Flr_Road_No._2_Pandit_Madan_Mohd._Malviya_Marg_Mumbai_400_034.pdf,"पंडीत मदनमोहन मालबीया मार्ग,( ताडदेव रोड) म्यु.घ.नं.41 वैद्य मॅन्शन ते म्यु.घ.नं.69 गिरनार बिल्डिंग.",89.6,ok,
114-Shri_B.P.K_Sahakari_Vidyamandir_1st_Floor_No.3_Pandit_Madan_Mohd.Malviya_Marg_Mumbai_400_034.pdf,"पंडीत मदन मोहन मालबीया मार्ग,( ताडदेव रोड) म्यु.घ.नं.75 दिपक अपार्टमेंट ते म्यु.घ.नं.89-95 रजनी महल.",92.3,ok,
115-Aryanagar_Upper_Pvt._Marathi_Mu_School_1st_Floor_H.No._12_Body_Guard_Lane_Mumbai-400_034.pdf,"अ) अँप्रोच रोड,( झोपडपट्टी ) डि. एम.ए 1 ते 182 अ. ब) अँप्रोच रोड,( झोपडपट्टी ) झो.नं. डी. एम.बी 76 ते डी. एम. बी. 225. क) केशवराव खाडे मार्ग, म्यु.घ.नं.107 नायर हॉस्पीटल म्युनिसिपल रसव्हट gates 1 ते 175 झेनिथ feat daa प्रायव्हेट लिमिटेड.",88.7,ok,
116-Aryanagar_Upper_Pvt._Marathi_Mu_School_1st_Floor_H.No._11_Body_Guard_Lane_Mumbai-400_034.pdf,"भानजीभाई राठोड मार्ग, (तुळशीवाडी झोपडपट्टी ) डी .एम.जे 2 ते 71 व डी. एम. आय. 121 ते 232 .",91.8,ok,
117-Aryanagar_Upper_Pvt._Marathi_Mu_School_1st_Floor_Hr.No.14_Body_Guard_Lane_Mumbai-400_034.pdf,"अ) सानेगुरूजी मार्ग, म्युनिसीपल ब्लॉक सी ते म्यु.घ.नं.492 ई झुनझुनबाला बिल्डिंग. ब) अप्रोच रोड, ( झोपडपट्टी ) झोपडी नं. डी एम.बी 1ते डी एम.बी 25. क) अप्रोच रोड,( तुळशीबाडी झोपडपट्टी ) डि. एम.बी 26 ते 75.",88.5,ok,
118-Aryanagar_Upper_Pvt._Marathi_Mu_School_1st_Floor_H.No.15_Body_Guard_Lane_Mumbai-400_034.pdf,"भानजीभाई राठोड रोड, म्युनिसीपल र्सव्हट चाळ- बी ते म्युनिसीपल चाळ नं.5.",85.9,ok,
119-R.T.O_Office_P.R.O_Room_Gr.Flrl_Majla_(R.Side)_near_Delhi_(Ay_Block)_Body_Guardlane_Mumbai_-400_034.pdf,"भानजीभाई राठोड रोड,(तुळशीबाडी झोपडपट्टी ) डी.एम.जी.1 ते 251 आणि डी.एम.एच.1 ते 116.",87.9,ok,
120-R.T.O_Co-Op.Canteen_Gr._Floor_(R.Side)_near_Deal_(Ay_Block)_Body_Guard_Lane_Mumbai-400_034.pdf,"तुळशीवाडी झोपडपट्टी) नं.1 ते 320.",87.8,ok,
121-R.T.O_J.Block_Hall_A_1st_Floor_R.T.O.Body_Guard_Lane_Mumbai-400_034.pdf,"बोंडी गार्ड लेन , म्युघ.नं 45,आर.टी.ओ.कंपाऊंड ते जिजामाता हौं.सो.ब्लॉक जे आणि शास्त्री नगर 1 ते 2.",88.3,ok,
122-R.T.O_J.Block_Hall_B_1st_floor_R.T.O.Body_Guard_Lane_Mumbai-400_034.pdf,"अ) भानजीभाई राठोड म्युनिसीपल चाळ नं.6 ते न्यु म्युनिसीपल चाळ नं.2 ब) भानजीभाई राठोड रोड, ( तुळशीवाडी झोपडपट्टी ), डी.एम.आय.30 ते 120. क) तुळशीबाडी रोड, म्यु.घ.नं.38, daa बिल्डिंग. ड) हेस्टिक मार्ग, तुळशीबाडी, झोपडपट्टी डि.एम.आय.1 ते30.",90.8,ok,
123-Yusuf_Meher_Ali_Vidyalaya_1st_Floor_Room_No.2_Tulshiwadi_Road_Mumbai-400_034.pdf,"तुळशीबाडी रोड ,म्यु.घ.नं.27 आर्य नगर 1ते 13 .",84.5,ok,
124-Yusuf_Meher_Ali_Vidyalaya_Gr.Flrl_Majla_Room_No._3_Tulshiwadi_Road_Mumbai-400_034.pdf,"अ) तुळशीबाडी रोड, म्यु.घ.नं.27 जुनी जर्मन चाळ ते म्यु.घ.नं.31-33 सी .डी. नबीन जर्मन चाळ . ब) तुळशीवाडी रोड,तुळशीवाडी म्युनिसीपल warts नं.11ते 17 आणि तुळशीबाडी झोपडपट्टी.",86.1,ok,
125-Yusuf_Meher_Ali_Vidyalaya_1st_Floor_Room_No.4Tulshiwadi_RoadMumbai-400_034.pdf,"अ) तुळशीबाडी रोड, आर्य नगर म्युनिसिपल चाळ नं.14 ते 17 . ब) अँप्रोच रोड, ( एस.के .राठोड मार्ग), म्युनिसिपल र्सव्हट sacs एफ़ ते आय.",88.8,ok,
126-Yusuf_Meher_Ali_Vidyalaya_1st_Floor_Room_No._7_Tulshiwadi_Road_Mumbai-400_034.pdf,"साने गुरुजी रोड, म्यु.घ.नं.404 एफ़ माने चाळ ते म्यु.घ.नं.404 रमेशचंद्र चिमणलाल चाळ नं.2( गोकुळधाम).",89.9,ok,
127-RTO._Inspector_Room_F_Block_(East_Side)_Gr.Flrmjala_Body_Guard_Lane_Mumbai-400_034.pdf,"साने गुरूजी मार्ग ( तुळशीबाडी), डी.एम.यु झोपडपट्टी 1 ते 565 .",89.8,ok,
128-RTO_Inspector_Room_F_Block_(West_Side)_Gr.Flrmjala_Body_Guard_Lane_Mumbai_400_034.pdf,"अ) अप्रोच रोड, झोपडपट्टी डी.एम.सी 1 ते 90. ब) अप्रोच रोड, (एस.के.राठोड मार्ग) म्यु.घ.नं.22 ते 60 म्युनिसिपल te gated ‘at’ ते म्युनिसिपल wae चाळ !ई '.",80.1,ok,
129-RTO.Canteen_E_Block_Gr.Flrmjala_R.T.O.Body_Guard_Lane_Mumbai-400_034.pdf,"अ) अँप्रोच रोड,( झोपडपट्टी ) डी.एम. सी .91 ते 121 आणि डि.एम.डी .झोपडपट्टी 1 ते 171.यबलकर स्टुडीओ (झोपडपट्टी) 1 ते 33. ब) रोड, म्यु.घ.नं. 1 शिवनारायण मंदिर ( मंगल सृष्टी ) ते म्युनिसिपल चाळ -ए.",91.4,ok,
130-Sir_Cowasji_Jahangir_High_School_1st_Floor_Hall_Sir_Ratan_Tata_Road_Mumbai-400_034.pdf,"सर रतन टाटा रोड, म्यु.घ.नं. 44 रेडीमनी बिल्डिंग नं.1ते म्यु.घ.नं.11 सर रतन टाटा बिल्डिंग नं.12.",92.2,ok,
131-Bhausaheb_Hire_Vidyalaya_1st_Floor_Room_No.1_(Old_Building)M.P.Mill_Compound_(B.B.Nakashe_Marg)_Mumbai-400_034.pdf,"अ) पंडित मदन मोहन मालविया रोड,( ताडदेव रोड), म्यु.घ.नं.94, बी न्यु म्युनिसिपल बिल्डिंग ते म्यु.घ.नं.>4 जनता नगर. ब)पंडित मदन मोहन मालबिया रोड,( ताडदेव रोड), जनता नगर. झोपडपट्टी, डी.एम.बी .1 ते 20.",88.1,ok,
132-Bhausaheb_Hire_Vidyalaya_Gr._Floor_Room_No._2_(Old_Building)_M.P.Mill_Compound_(Ba.Ba.Nakashe_Marg).pdf,"पंडित मदन मोहन मालविया मार्ग,(ताडदेब रोड)बा.बा.नकाशे मार्ग,म्यु.घ.नं.94 'के' ते म्यु.घ.नं 94 'पी'.",88.2,ok,
133-Bhausaheb_Hire_Vidyalaya_Gr.Flr_Room_No.No.23_(Old_Building)_M.P.Mill_Compound_(B.B._Nakashe_Marg)_Mumbai-400_034.pdf,"माणेकजी पेटीट मिल्स कंपाउंड, ग.क्र.1(150 ते 166) झोपडपट्टी , आणि एम. ते व्ही बिल्डिंग .",85.5,ok,
134-Bhausaheb_Hire_Vidyalaya_1st_Floor_Ground_No._1_(Old_Building)_M.P._Mill_Compound_(B.B._Nakashe_Marg)_Mumbai-400_034.pdf,"माणेकजी पेटीट मिल्स कंपाउंड,167 च्या पुढील झोपडपट्टी , व ट्रान्झीस्ट कॅम्प 'एच' ते 'के' बिल्डिंग.",86.1,ok,
135-Bhausaheb_Hire_Vidyalaya_1st_Floor_2_(Old_Building)_M.P._Mill_Compound_(B.B._Nakashe_Marg)_Mumbai-400_034.pdf,"माणेकजी पेटीट मिल्स कंपाउंड, गट क्र. 3 झोपडी क्र. डी .जी 347 ते झो.क्र.590 ब.",91.4,ok,
136-Bhausaheb_Hire_Vidyalaya_1st_Floor_Ground_No._3_(Old_Building)_M.P._Mill_Compound_(B.B._Nakashe_Marg)_Mumbai-400_034.pdf,"अ) माणेकजी पेटीट मिल्स कंपाऊंड, ग.क्र.3 झो.क्र.597 ते 720 व श्रद्धा सबुरी बिल्डिंग नं.5. ब)बाळकृष्ण बी नकाशे मार्ग, म्यु.घ.नं. महेंद्र हाईट्स.",89.2,ok,
137-Bhausaheb_Hire_Vidyalaya_1st_Floor_Room.No.4_(old_Building)M.P.Mill_Compound_(B.B.Nakashe_Marg)Mumbai-400_034.pdf,"माणेकजी पेटीट मिल कंपाऊड, संक्रमण शिबिर ए ते एच बिल्डिंग आणि 1 ते 100 झोपड्या",89.2,ok,
138-Taddeo_Municipal_Upper_Primary_Marathi_School_Gr._Floor_.Room_No._1_Sane_Guruji_Marg_(Arthur_Road)_Mumbai_400034.pdf,"अ) पंडित मदन मोहन मालबीय मार्ग,म्यु.घ.नं.127 सिराज टेरेस ते म्यु.घ.नं. 143/147 आदम महल ए/बी. ब) वाडिया पथ म्यु.घ.नं.4 बजार बिल्डिंग ते म्यु.घ.नं.24 अली बिल्डिंग.",85.2,ok,
139-Taddeo_Municipal_Upper_Primary_Marathi_School_Gr.Flr_Room.No._2_Sane_Guruji_Marg_(Arthur_Road)_Mumbai_400034.pdf,"गंगी म्यु.घ.नं.3 ए,सत्यभामा निवास ते म्यु.घ.नं.6ए कामा बिल्डिंग. ब) वाडिया स्ट्रीट,म्यु.घ.नं.3ए, श्रीपत भवन ते म्यु.घ.नं.21 .हेन्द्र AR.",77.3,ok,
140-Taddeo_Municipal_Upper_Primary_Marathi_School_Gr.Floor_Room.No._3_Sane_Guruji_Marg_(Arthur_Road)_Mumbai_400034.pdf,"साने गुरुजी रोड, म्यु.घ.नं.434 रहिमतबाई बिल्डिंग नं.2 ते म्यु.घ.नं.495 पत्राशेड.",87.5,ok,
141-Taddeo_Municipal_Upper_Primary_Marathi_School_Gr.Floor_R.No._4_Sane_Guruji_Marg_(Arthur_Road)_Mumbai_400034.pdf,"अ) सानेगुरूजी रोड ,म्यु.घ.नं.494 हिरवी बिल्डिग-जी ते म्यु.घ.नं.512 गुलाब महल बिल्डिंग. ब) रतन टाटा रोड, म्यु.घ.नं.24 रेडिमनी बिल्डिंग ते म्यु.घ.नं.28 फिरोजा मॅन्शन.",87.0,ok,
142-Seventh_Day_Adventist_English_High_School_Gr.Flr._Room_No.1_Y.M.C.A_Road_Mumbai_400_008.pdf,"अ) Wea. एस.उमरभाई पथ, म्यु.घ.नं. 31 लिबटी हाऊस ते म्यु.घ.नं.37 अमिना अपार्टमेंट. ब) वाय.एम.सी. ए. रोड, म्यु.घ.नं.3 अल इब्राहिम पॅलेस ते म्यु.घ.नं.23 नेबल टच. क) वाय .एम.सी.ए.रोड, म्यु.घ.नं.67 मोहमदअली मंझील ते म्यु.घ.नं.69 अलहुर अपार्टमेंट. ड) साने गुरुजी रोड,",90.1,ok,
143-Seventh_Day_Adventist_English_High_School_Gr.Floor_R._No.2_Y.M.C.A._Road_Mumbai_400_008.pdf,"अ) जहांगीर बोमन रोड, म्यु.घ.नं.292 पोटिया अपार्टमेंट ते म्यु.घ.नं. 292 पोटीया इस्टेट भायखळा क्लब (इ). ब) मेघराज शेठी मार्ग, म्यु.घ.नं. 17 बाग ई रेहमत अ ते म्यु.घ.नं.29 सेंट्रल SI,",87.8,ok,
144-Seventh_Day_Adventist_English_High_School_Gr.Flr_R._No.3_Y.M.C.A._Road_Mumbai_400_008.pdf,"अ) डॉ.आंनदराव नायर रोड, म्यु घर नं 44 नायर हॉस्पिटल नर्सिंग होम. ब) डॉ. लीला मेलविया पथ ,म्यु घ.नं.4 सेंट जोसफ हायस्कुल होम ते म्यु. घ.नं. 59 सुहाग पॅलेस. क) महंम्मद सईद मार्ग, म्यु घ नं 42 झेनब मंझिल ते म्यु. घ. नं. 65 बेस्ट aad ब झोपडपट्टी",90.3,ok,
145-Sir_Narayan_Chandavarkar_Primary_School_Hall_A_Reserve_Bank_Staff_Quarters_Maratha_Mandir_Road_Mumbai-400_008.pdf,"अ) मराठा मंदीर रोड रिझव्ह बँक स्टाफ क्वार्टर्स 'ए' ते 'एच'. ब) मराठा मंदीर Ce fete बँक स्टाफ saree 'एच 3’ ते 'एम 2'.",77.0,ok,
146-Sir_Narayan_Chandavarkar_Primary_School_Hall_B_Reserve_Bank_Staff_Quarters_Maratha_Mandir_Road_Mumbai-400_008.pdf,"अ) डॉ.आनंदराव नायर रोड, म्यु.घ.नं.6 पोलिस आफोसर्स cared ते म्यु .घ.नं. 30 एफ़ ते डायमंड बेटरी कंपनी. ब) डॉ.आनंदराव नायर रोड, म्यु.घ.नं.74 अफ़जल चाळ ते अफ़जल चाळ कॅफ़े.",86.3,ok,
147-Sir_Narayan_Chandavarkar_Primary_School_Hall_Bank_Staff_Quarters_Maratha_Mandir_Road_Mumbai-400_008.pdf,"अ) मराठा मंदीर रोड, बी.ई.एस.टी.ऑफिसर्स Fares ते बेस्टन रेल्वे क्वार्टर्स-डी. ब) मराठा मंदीर रोड,म्यु.घ.नं.2 कॉन्ट्रॅक्टर हाऊस, ते म्यु.घ.नं.28.नारायण निवास आणि झोपडपट्टी.",81.9,ok,
148-Sir_Narayan_Chandavarkar_Primary_School_Hall_D_Reserve_Bank_Staff_Quarters_Maratha_Mandir_Road_Mumbai-400_008.pdf,"डॉ. आनंदराव नायर रोड, म्यु. घ. नं. 50.बेस्टर्न रेल्वे स्टाफ Face 40 टि ते म्यु. a. नं.64 जे.एच.कामा चाळ.",85.4,ok,
