Filename,Content,Confidence,Status,Issues
001-Dr._Mascarenhans_Road_Mumbai-400010.pdf,"अ) डॉ.मस्कारेन्हान्स रोड,म्यु.घ.न.141 ते 195माझगांव हनिकोम्ब प्रिमायसेस ते पोरबंदरवाला इस्टेट 141 बी विभाग 1ते 13 ब)चापशी भिमजी रोड,म्यु.घ.न.1ते 45 म्यु.घ.न.31 न्यु बंगलो ते 24 डीसील्वा हाऊस विभाग 14ते 30 क)म्हातार पाखडी रोड,म्यु.घ.न.1ते 36 म्यु.घ.न.20 किपसेक बिल्डींग ते चापाशी भिमजी मार्ग विभाग 31 ते 42",90.1,ok,
002-Dr._Mascarenhans_Road.pdf,"अ) डॉ.मस्कारेन्हास रोड,म्युघनं 199 ते 233,हिला a बिल्डिंग ते चिराग बिल्डिंग,विभाग 1412. ब) WI पाखाडि रोड म्यु.घ.न.1ते15आय म्यु.घ .न.496 सेंट्रल रेल्वे न्यु चाळ ते सेंट्रल रेल्वे चाळ न.10 विभाग 13ते18. क) माथार पाखाडि रोड म्यु.घ.न.34ते बंदुकवाला चाळ कासम मिस्त्री चाळ ते कैफी बिल्डिंग सेंट जो सेफ sera fast 25ते47.",85.5,ok,
003-Dr._Mascarenhans_Road.pdf,"अ) माथार पाखाडी कोर्ट,म्यु.घ.न.3ते41 कॅनाना हाऊस ते लियांदर बिल्डिंग,विभाग 1ते3. ब) माथार पाखाडी कोर्ट म्यु.घ.न.2(ए) मुलचंद बि. (म.न.वि.उ.) ate बिल्डिंग पुनावाला बिल्डिंग विभाग 4ते36. क) सरदार बलवंतसिंग Ale मार्ग,(पुर्व) म्यु.घ.न. 1ते7 आय आणि 2ते12अ,भारती कॉटेज ते अमृता भेलपुरी हाऊस बागे समोर ते लमी रेस्टॉ रंट,विभाग 37 ते 43.",87.0,ok,
004-Dr._Mascarenhans_Road.pdf,"अ) गणपावडर रोड,म्यु.घ.न.2ते48 शितल अपा- टॅमेंट ए ते संकल्प निकेतन,विभाग 1ते7. ब) डॉकयार्ड रोड,म्यु.घ.न.38ते42 एक्सल हाऊस पान fats शॉप एस.एच.कंपाऊंड ते कॅनरा बँकेच्या बाजुची झोपडी,विभाग 9ते11. क) WA पाखाडी कोर्ट,म्यु.घ.न.75ते113,झरि- ना मंझील,विभाग 8.",85.7,ok,
005-Dr._Mascarenhans_Road.pdf,"अ) माथार पाखाडी क्रॉस लेन,म्यु.घ.न.2/2ए मिरां- डा हाऊस ते अमर सन्स इंडस्ट्री,विभाग 1ते18. ब) माथार पाखाडी क्रॉस लेन,म्यु.घ.न.115ते149 राठोड हाऊस ते पर्ल हार्बर बाजुची झोपडी, विभाग 19ते35.क) शिवदास चापसी मार्ग,म्यु.घ.न.5ते41 ब,तुळशिवाडी गोपाळ चाळ ते हार्बर क्रस्ट,विभाग 36ते39.ड) शिवदास चापसी मार्ग,म्यु.घ.न.43ए ते43ब,खुदाबक्ष बिल्डिंग ते सुंदरम बिल्डिंग,विभाग 40ते42.",90.0,ok,
006-Dr._Mascarenhans_Road.pdf,"अ) माथार पाखाडी रोड,म्यु.घ.न.15जे ते 63, माझगांव cae सेंट्रल रेल्वे चाळ न.18ते गार्डन हाऊस,विभाग 1ते7. ब) चापशो Past रोड,म्यु.घ.न.6ते18,डो चाळ श्यामजी मोरारजीचाळ अ ते श्यामजी मोरारजी चाळी जबळ पत्राशेड,विभाग $413. क ) माथार पाखडी रोड,म्यु.घ.न.(6ते32सी,तांबा वाला बिल्डिंग,विभाग 14.",80.0,ok,
007-Dr._Mascarenhans_Road_Mumbai-400010.pdf,"अ) माथार पाखडी रोड,म्यु.घ.न.25 महंमद खान चाळ ते म्यु.घ.न.63,आंबेवाडी लकडी दवाखाना दलाल कॉटेज ते आंबेवाडी बैठीचाळ, विभाग 1ते6. ब) गणपावडर क्रॉस लेन न.2,म्यु.घ.न.95 पटेल हाऊस ते आशियाना अपार्टमेंट,विभाग 7ते17.",90.2,ok,
008-Dr._Mascarenhans_Road_Mumbai-400010.pdf,"अ) गणपावडर रोड, म्यु.घ.नं.15के ते 15 आर, सेंट्रल रेल्वे चाळ न.1-497 ते सेंट्रल रेल्वे चाळ 1- 497,विभाग 1ते3. ब) गणपावडर रोड,म्यु.घ.न.11ते47,सुर्यकुंड (ए) विंग ते अशरफ अपार्टमेंट 'ए',विभाग 4ते15. क) गंगाबावडी रोड,",89.4,ok,
009-Barrister_Nath_Pai_Marg_Mumbai-400010.pdf,"अ) बॅरीस्टर नाथ पै मार्ग,(बर्मा शेल पेट्रोल पंप ते माथार पाखडी पुलाखालील झो.) एच.एस.टी बॅटरी 332ते रे रोड ब्रिजवरील झोपडपट्टी, विभाग 1ते15. ब) बॅरीस्टर नाथ पै मार्ग,म्यु.घ.न.237 ते 287, सागर दुग्धालय,विभाग 16. क) पॅटर्न बंदर (रे रोड बाजु बी.पी.टी.चाळ).",87.7,ok,
010-Barrister_Nath_Pai_Marg_Mumbai-400010.pdf,"अ) पॅटर्न बंदर,मिरादात्तार दंग्या जवळील झोपडप- cet ते मिरादात्तार झोपडपट्टी.विभाग 1ते4. ब) कसारा स्ट्रीट,मॅगझीन स्ट्रीट,3री लेन,युनिव्हर्सल स्क्रॅप ट्रेडांग (कृष्णा स्टील) ते सी लिकसं कंपनी, विभाग 3ते28. क) मॅगझीन स्ट्रीट,4 थी लेग,जी के राम आणि सन्स ते मे इंजिनियर स्टील इंडस्ट्रिज, विभाग 29ते41.",85.9,ok,
011-Barrister_Nath_Pai_Marg_Mumbai-400010.pdf,"अ) aa स्ट्रीट (दक्षिण बाजु),सागर मेडीकल स्टो- ae ते सी.बी.वेअर हाऊस,विभाग 1ते 42. ब) मॅगझीन स्ट्रीट लेन नं.2,एस.के.टयुब कोर्पोरेशन ते टिस्को स्टील,विभाग 43ते 58.क) मॅगझीन स्ट्रीट lot लेन,गुलाब हुसेन बगशिवाला कंपनी ते ठाकरसी देवजी कंपनी, विभाग 359ते98.ड) माझगांव लकडी बंदर न.2,रिलाइन्स टिम्बर्स ते आर्यन स्टील,विभाग 100 ते 165. ई) माझगांव लकडी बंदर न.2,म्यु.घ.न.910/3अन्सारी बिल्डिंग ते कासम इब्राहिम चाळ,विभाग 99 ते 174.",86.7,ok,
012-Barrister_Nath_Pai_Marg_Mumbai-400010.pdf,"अ) माझगांव कोळसा बंदर (दक्षिण), ड प्रभात RMT कंपनी ते आर.आर.स्टील,जनता सायकल शॉप ते दारूखाना कोळसा बंदर,विभाग 1ते59.",87.6,ok,
013-MHATAR_PAKHADI_ROAD_MUMBAI-400010.pdf,"अ) माझगांव लकडी बंदर नं.2,जे.डी.स्टील कॉ- पोरेशन ते ईस्माईल पोटीया गोडाऊन,आर.बी.स्टी- ल ट्रेडर्स ते चौव्हाण ब्रदर्स,विभाग 1ते7 .ब) मॅगझीन स्ट्रीट,हैदरी हॉटेल ते बी.इ.एस.टी.पॉ- वर हाऊस जवळील झोपडपट्टी, युनियन बँक समो रील शॉप ते प्लॉट नं.27 मिनी Stet faut 8 ते 64.क) बॅरिस्टर नाथ पै मार्ग,म्यु.घ.न.246 ते 278,जमाली बिल्डिंग ते माणकेश्वर मंदिर महाजन पांचाळ वाडी,विभाग 65 ते 87.",86.8,ok,
014-MHATAR_PAKHADI_ROAD_MUMBAI-400010.pdf,"अ) Wa स्ट्रीट,कोठारीस्टील को्पोरेशन ते संत सावता पुल (दक्षिण) झोपडपट्टी,साईनाथ नगर झोपडपट्टी ते जय पुरूषोत्तम आणि सन्स, विभाग 1ते 17. ब) माझगांव लकडी बंदर नं.3 ,कासम इब्राहिमचाळ ते मणिलाल किन्नभाई मो.ग.6 एम.के.टयुब कॉ- पारेशन ते गरीब नवास टी स्टील,विभाग 18ते35.",84.0,ok,
015-MHATAR_PAKHADI_ROAD_MUMBAI-400010.pdf,"अ) गणपावडर रोड,म्यु.घ.न.! ते 9,फणसवाला बिल्डिंग ते संतोष मेन्शन मागील बिल्डिग, विभाग 1ते11. ब) RT नाथ पै मार्ग,म्यु.घ.न.272ए ते 272के संतोष मेन्शन ए ते बी,विभाग 12 ते 14. क) बॅरीस्टर नाथ पै मार्ग,म्यु.घ.न.272एल.",86.4,ok,
016-MHATAR_PAKHADI_ROAD_MUMBAI-400010.pdf,"अ)बॅरिस्टर नाथ पै मार्ग,म्यु.घ.नं.280ए ते 290सी मजीद हाऊस ते चांदणी पान शॉप दुकान नं.3, विभाग 1ते 19.",85.6,ok,
017-MHATAR_PAKHADI_ROAD_MUMBAI-400010.pdf,"अ) HI स्मीथ स्ट्रीट,म्यु.घ.न.17 ते 61 ईब्राहिम मेन्शन-2 ते वारीया हाऊस करी हाऊस, विभाग 1ते 37. ब) कॉपर Ce स्ट्रीट,म्यु.घ.न.44ते60, 416वॉच मन कॉटर्स ते 701 आंग्रे निवास,विभाग 38ते46",83.3,ok,
018-Barrister_Nath_Pai_Marg_Mumbai-400010.pdf,"अ) माझगांव लकडी बंदर नं.3,गुरूकृपा झोपडप- eet संघ न.1ते एस.एस.लेन कंपनी,गुरूकृपा झोप- डपट्टी संघ-1ते के.के.बेळे कंपनी,विभाग 1ते43.",86.3,ok,
019-Dr._Babasaheb_Ambedkar_Road_(West)_Mumbai.pdf,"अ) दत्ताराम लाड मार्ग,(द),म्यु.घ.न.205-213 ते प्रोग्रेसिव्ह बिल्डिंग-बी,तांबावाला बिल्डिंग न.1ते प्रोग्रेसिव्ह बिल्डिंग-ब,विभाग 1ते 4. ब) क्रांती रत्न विष्णु गणेश पिंगळे मार्ग (द),म्यु. घ.न.197,शिवशक्ति ए ,बी,सी,ते हाजी बाबा बि- ल्डिंग,शिवशक्ति बिल्डिंग ए ते शिवशक्ति बि- ल्डिंग-सी,विभाग 5 ते 11.",89.3,ok,
020-Dr._Ambedkar_Road.pdf,"अ) दत्ताराम लाड पथ (द) प्रोग्रेसिव्ह बिल्डिंग,'क ' ते प्रोग्रेसिव्ह बिल्डिंग नं.2,विभाग 1 ते 2. ब) दत्ताराम लाड पथ (द),म्यु.घ.न.255ते 267, बावला बिल्डिंग न.1ते म्यु.घ.न.279गोदावरी बि- ल्डिंग अ, अष्टविनायक बिल्डिंग-अ ते गोदावरी बिल्डिंग,विभाग 3ते$. क) दत्ताराम लाड पथ (द),म्यु.घ.न.325-ए ते 307-बपप्रोग्रेसिव्ह बिल्ंग-14ते प्रोग्रेसिव्ह बिल्डि- ग जवळील झोपडी,विभाग 6 ते 7. उड) डॉ.बाबासाहेब आंबेडकर मार्ग (प),सेंटरल रेल्वे",87.8,ok,
021-Dr._Ambedkar_Road.pdf,"अ) क्रांतीरत्न विष्णु गणेश पिगळे मागं,म्यु.घ.न. 2-80 नुरबानु मेन्शन,म्यु.घ.न.2-8ए नुरबानु मेन्शन ते श्रॉफ पत्रा चाळ,विभाग 1ते 3. ब) क्रांतीरत्न विष्णु गणेश पिंगळे मार्ग (उ)10-14 श्रीकृष्ण निवास ते श्रॉफ अँण्ड सन्स चाळ, विभाग 4 ते 6. क) क्रांतीबीर भाई बाळमुकुंद मार्ग (उ),म्यु.घ.य.6 ते श्रॉफ बिल्डिंग-सी,म्यु.घ.न.0 ते श्रॉफचाळ-सी ते गाला टॉवर ,बिभाग 7 ते 14.",87.8,ok,
022-Dr._Ambedkar_Road.pdf,"अ) क्रांती वीर भाई बाळमुकुंद मार्ग (उत्तर),म्यु.घ. 4.5 प्रोग्रेसिव्ह चाळ नं.8 ते जुगराज तेजराज आणि सन्स,डी.ओ.कंपाऊंड,विभाग 1 ते 13. ब) क्रांतीवीर भाई बाळमुकुंद मार्ग बिल्डिंग नं.8 ते प्रोग्रेसिव्ह बिल्डिंग न.18. क) क्रांतीवीर भाई बाळमुकुंद मार्ग (प), ते म्यु.घ. न.24 प्रोग्रेसिव्ह चाळ नं.5 ते से.घ.न. 25 व्ह चाळ 4.7 प्रोग्रेसिव्ह चाळ नं.7 ते अमृतलाल जिनाभाई गोडाऊन,विभाग 14 ते 19.",87.3,ok,
023-Dr._Ambedkar_Road.pdf,"अ) डॉ.बाबासाहेब आंबेडकर रोड (प),म्यु.घ.न.50 ते 38/060,खेरूददीन बिल्डिंग-अ ते खैरूददीन बिल्डिंग-ब, विभाग 1 ते 2.ब) क्रांतीरत्न विष्णु गणेश पिंगळे AMT (द),शिवदर्शन ते सहकार सदन-2,शिवदर्शन बिल्डिंग ते प्रोग्रेसिव्ह चाळ 4.13 डॉ.कंपाऊंड चाळ,विभाग 3 ते 5. क) क्रांतीवीर भाई बाळमुकुंद मार्ग (प) म्यु.घ.न. 43 ते पत्रा चाळ गं.12 ते प्रोग्रेसिव्ह चाळ नं.13 मागील पत्राशेड,विभाग 0 ते 8.",87.3,ok,
024-Dr._Ambedkar_Road.pdf,"अ) डॉ.बाबासाहेब आंबेडकर रोड(प),म्यु.घ.न.60- 62 ते 86-बी,जैन बिल्डिंग नं.4 ते 10-डी.एल. जैन कंपाऊंड, विभाग 1 ते 12.",89.4,ok,
025-Dr._Ambedkar_Road.pdf,"अ) डॉ.बाबासाहेब आंबेडकर रोड,(प),म्यु.घ.न. 108-ए ते से.घ.न.142,भायखळा गुडस डेपा आणि झोपडपट्टी,वृंदाबन बी.नं.1ते साई द्वारका विभाग 1 ते 4.",86.7,ok,
026-Dr._Ambedkar_Road.pdf,"अ) डॉ.बाबासाहेब आंबेडकर रोड,म्यु.घ.न.86सी ते म्यु.घ.न.110 सी (एम.नि.वि.40) खंड-4, 'सी' बावलावाडी ते कल्याणदास वाडी,बिभाग 148.",84.7,ok,
027-Dodoji_Konddev_Marg.pdf,"अ) अल्स्टर रोड (उ),म्यु.घ.न.4,आर.के.बिल्डिंग आणि संतराम आणि कंपनी,आर.के बिल्डिंग ते एम.बी.कॉन्ट्रॅक्टर चाळ,विभाग 1ते2.ब) अल्स्टर रोड (द),म्यु.घ.न.3 ते 19,शीतल अपार्टमेंट, विभाग 3.क) दादोजी कोंडदेव मागं उ),म्यु.घ.न.257/,रिबेका सोसायटो नं.1ते रिबेका सोसायटी नं.2,न्यु म्युनिसीपल चाळ ते रिबेका अपार्टमेंट,विभाग 4 ते 6.5) दादोजी कोंडदेव मागं (उ),म्यु.घ.ग.16,हुसेनी मंझील तेयु.घ.ग.26,पोलिस Gere चाळ आणि ऑफिसर्स क्‍्बाटर्स-2,विभाग 7 ते 11. ई) दादोजी कोंडदेव क्रॉस मार्ग (उ),म्यु.घ.न.34- बी ते 34-सी ,विश्वमंगल को.ऑ.हौ सोसायटी,",83.6,ok,
028-E.S.Patanwala_Road.pdf,"अ) ई एस पाटणवाला मार्ग (उ) 260 म्यु.शाळा ते मराठा हॉस्पिटल कंपाऊंड,बैठी चाळीच्या मागील झोपडप- ट्टी,विभाग 1 ते 21. ब) केशवराव बोरकर मार्ग,धाकु प्रभुची वाडी (द), विघ्नहर को.ऑ.हौ.सोसायटी ते हेरंब को.ऑ.हो. सोसायटी, विभाग 22 ते 23.",89.5,ok,
029-E.S.Patanwala_Marg_Mumbai-400027.pdf,"अ) केशवराव बोरकर मार्ग,म्यु.घ.न. 28-बी, भार- तीय बेकरी ते म्यु.घ.न.34-एफ,भारतीय बेकरी ते न्यु पत्रा चाळ, विभाग 1ते3.ब) केशवराव बोरकर मार्ग (धाकु प्रभुची वाडी),32ए, चुनीलाल मेहता पत्राशेड,विभाग 4 ते 7.क) केशवराव बोरकर मार्ग (धाकु प्रभुची वाडी)(द) पत्राशेड,मारूति माळि चाळ ते विदेश्वर डे- अरी फार्म, विभाग 8 ते 11.ड) केशवराव बोरकर मार्ग (धाकु प्रभुची वाडी),म्यु.घ.न.27-ए,मारूति माळि चाळ ते से.घ.न.206 पत्राशेड (रतिलाल कंपाऊंड) बाडावाला बि.न.2 ते बाडावाला बिल्डिंग 4.6 जवळ कापरेश्वर मंदिर,विभाग 12 ते 17.इ) केशवराव बोरकर मार्ग (धाकु प्रभुची वाडी) (उ)म्यु.घ.न.12-सी ते म्यु.घ.न.20-ए,बाबु गेणु नगर नं.1,बोरकर चाळ नं.1 ते बाबु गेणु नगर,विभाग 18 ते 33.",91.0,ok,
030-E.S.Patanwala_Marg_Mumbai-400027.pdf,"अ) अनंत गणपत VAN लेन (द),म्यु.घ.न.01 ते 67. ब) अनंत गणपत पबार लेन नं.2,म्यु.घ.न.5-ए ते म्यु.घ.न.23 ,प्रफुल्ल को.ऑ.सो. 'ए' ते 302 केतन बिल्ंग-डी विभाग 1 ते 15.",78.6,ok,
031-E.S.Patanwala_Marg_Mumbai-400027.pdf,"अ) केशवरावबोरकर मार्ग,(धाकुप्रभुचीवाडी)(द), म्यु.घ.न.3ते म्यु.घ.न.21 पेटीवाला चाळ क्र.3ते द्वारकादास हेमत सायकल मार्ट,विभाग 1ते9. ब) केशवरावबोरकर मार्ग,(धाकुप्रभुचीवाडी) (उ) म्यु.घ.न.20ए बाबु गेणुनगर बिल्डिंग नं.2ए,बाबु गेणुनगर कंपाऊंड जबळील झोपडपट्टी ते 210 म्यु.घ.न.20ए च्या बाजुला बाबु गेणुनगर ते अष्ट विनायक चाळ (मिळालाल मिस्त्री चाळ), विभाग 10 ते 17.",87.9,ok,
032-E.S.Patanwala_Marg_Mumbai-400027.pdf,"अ) केशवराव बोरकर मार्ग(धाकुप्रभुचीवाडी) (उ), बी.एम.सी.चाळ न.3ते घोटेश्वर मंदिरा जवळील पत्राशेड, विभाग 1 ते 12.ब) केशवराव बोरकर मार्ग (धाकुप्रभुचीवाडी) (उ),म्यु.घ.न.24ते म्यु.घ.न.34ए पत्राशेड,हरीनिवास चाळी जवळोल पत्राशेड ते 183/184न्यु पत्रा चाळ चुनीलाल मेहता कंपाऊंड,विभाग 13ते16.क) केशवराव बोरकर मार्ग (धाकुप्रभुचीवाडी) (द), म्यु.घ.न.23 चासकर बेठी चाळ (डॉ.तळेकर दबा- खाना) ty अंबिका टी हाऊस,बिभाग 17ते20. ड) केशवराव बोरकर मार्ग (धाकुप्रभुचीवाडी) (द), म्यु.घ.न.13 दुकान न.अ-1,अ-2,ते नवी पत्राचाळ 4.184 विभाग 21 ते 26.",87.2,ok,
033-E.S.Patanwala_Marg_Mumbai-400027.pdf,"अ) डॉ.बाबासाहेब आंबेडकर रोड(पु),म्यु.घ.न.47- 51 बी ते म्यु.घ.न.55 कॉट्रॅक्टर बी इमारत क्र 51 ते बी 55 विक्टोरिया, विभाग 1 ते 2. ब) तुकाराम भिमाजी मार्ग(पुर्व),म्यु.घ.न.89-125 ए ते 33ई अरिहंत टॉवर 89/115ए इराणी चाळ 9 ते अरिहंत टॉवर,विभाग 3 ते 6. क) डॉ.बाबा साहेब आंबेडकर रोड (Fa) ALTA. 3 ते म्यु.घ.न.34- 43,म्यु.घ.न.3 हसनभाई जेठा चाळ संजना चाळ,हसनभाई जेठा चाळ ते संजना",88.1,ok,
034-E.S.Patanwala_Marg_Mumbai-400027.pdf,"अ) केशवराव बोरकर मार्ग (धाकू प्रभूची वाडी) (उ) म्यु.घ.न.36-बी,चुनीलाल पत्राशेड,विभाग 1. ब) केशवराव बोरकर मार्ग (धाकू प्रभूची वाडी) (उ) म्यु.घ.न.4-खोजा चाळ न.1 ते एम.एच.नं. बाडावाला चाळ नं.6,दादरा खालची खोली, विभाग 2 ते 11.",91.2,ok,
035-E.S.Patanwala_Marg_Mumbai-400027.pdf,"अ) ई.एस.पाटणवाला मार्ग (उ),म्यु.घ.न.44-44ए ते म्यु.घ.न.64-68,पाटणवाला महल ते संकल्प सिध्दि टेनंट को.ऑ.हौ.सोसायटी,विभाग 1ते$8. ब) रामभाऊ भोगले मार्ग (प),म्यु.घ.न.200 हाजी मुसाजी चाळ ते म्यु.घ.न.206,डायमंड बिल्डिंग जवळील लेदर शॉप,विभाग 9 ते 12",90.1,ok,
036-Rambhau_Bhogle_Marg_Mumbai-400033.pdf,"अ) रामभाऊ भोगले मार्ग (प) म्यु घ नं.110 ए ते म्यु.घ.न.274,हफोजा बेगम चाळ ते अष्टविनायक चाळ ते पटेल सॉ मिल जवळील चाळ, विभाग 1 ते 3.",89.8,ok,
037-No.M.Joshimarg_Mumbai-400011.pdf,"अ) ना.म.जोशी मार्ग (पूर्व) म्यु घ न.439ते म्यु.घ 7.489 हेअर कटिंग सलुन ते केरमनी बी च्या समोरील झोपडपट्टी, विभाग 1 ते 11. ब) साने गुरूजी मार्ग (द),म्यु.घ.न.129 ते बोहरी चाळ,विभाग 12. क)पानबाई निवास ए आणि बी ते पानबाई निवास बी ,विभाग 13 ते 14.",91.1,ok,
038-N.M.Joshi_Marg_Near_S.Bridge_Mumbai-400011.pdf,"अ) ना.म.जोशी मार्ग (पूर्व) म्यु.घ.न.537 ते म्यु.घ.न. 547 सी, म्यु.ध.न.537 सहजीवन बि. ते लक्ष्मी भुवन-ए,विभाग 1 ते 8. ब) साने गुरूजी मार्ग(द),म्यु.घ.न.145ते म्यू.घ.न. 152 आणि ब्ल्यु बर्ड बेकरि (उत्तर बाजु),म्यु.घ.न. 145 पानसरे चाळ सी ते म्यु.घ.ग.439/4809ब्ल्यु बर्ड बेकरि, विभाग 9 ते 12.",82.9,ok,
039-N.M.Joshi_Marg_Near_S.Bridge_Mumbai-400011.pdf,"अ) साने गुरुजी मार्ग (पुर्व),म्यु.घ.न.137ए मोती वाला चाळ ते म्यु.घ.न.145बी पानसरे चाळ,पत्रा शेड, विभाग 1 ते 6. ब) ना.म.जोशी मार्ग (पुर्व),म्यु.घ.न.481सी,विना- यक वासुदेव चाळ ते 481बी, जवळील पत्राशेड विभाग 7 ते 8.",90.7,ok,
040-N.M.Joshi_Marg_Near_S.Bridge_Mumbai-400011.pdf,"अ) ना.म.जोशी मार्ग (पुर्व)म्यु.घ.न.501 आशीवांद बिल्डिंग ते हनुमान मंदिर,म्यु.घ.न.501, आशीवाद (अ) ते म्यु.घ.न.501 आशीर्वाद बिल्डिग-अ विभाग 1 ते 3. ब) पी.एस.मंडलीक ब्रिज (उ) शेंगदाना दुकान ते शांति निकेतग बिल्डिंग जबळील झोपडपट्टी,पी. एस.मंडलीक ब्रिज (उ) ग्राऊंड नट शॉप (शेंगदाना दुकान) ते शांति नीकेतन बिल्डिंग जवळील झोप डपट्टी, विभाग 4 ते 5.",86.8,ok,
041-N.M.Joshi_Marg_Near_S.Bridge_Mumbai-400011.pdf,"अ) ना.म.जोशी मार्ग, खंड -521 डी ते म्यु.घ.न.525बी गोकूळ चाळ, विभाग 1 ते 5. ब) ना.म.जोशी मार्ग,म्यु.घ.न.537,ब्रम्हाचाळ ते 555 म्यु.घ.न.213 आणि एस.ब्रिज जवळील झोपडपट्टी, विभाग 6 ते 14.",89.4,ok,
042-Dr._Babasaheb_Ambedkar_Marg_Mumbai-400012.pdf,"अ) डॉ. बाबासाहेब आंबेडकर रोड(पू)म्यु.घ.न.15 ते म्यु.घ.न.39 टाकी वाला बिल्डिंग ते म्यु.घ.न. 85,सोयबजी मेस्त्री बिल्डिंग शेड. ब) समर्थ हनुमान पथ,म्यु.घ.न.41बी ते 41एफ, बदक चाळ नं.8,विभाग 1 ते 13.",88.5,ok,
043-Dr._Babasaheb_Ambedkar_Road_Mumbai-400012.pdf,"अ) समर्थ हनुमान पथ म्यु.घ.नं 39-ए, रंगारी चाळ न.1ते ओमकार बी-1,विभाग 1 ते 8.",87.6,ok,
044-Dr._Babasaheb_Ambedkar_Road_Mumbai-400012.pdf,"अ) दत्ताराम लाड पथ (द) हनुमान मंदीर से.घ.न. 96, बॉम्बे कॉटन मिल इस्टेट कंपाऊंड ते म्यु.घ.न 197 दिग्वीजय मिल,विभाग 1 ते 16. ब) समर्थ हनुमान पथ,म्यु.घ.न.41जी, बदक चाळ नं 9ते 41,एच.बदक चाळ,विभाग 17 ते 21.",90.8,ok,
045-Dr._Babasaheb_Ambedkar_Road_Mumbai-400012.pdf,"अ) डॉ.बाबासाहेब आंबेडकर रोड,(पुर्व),खंड-9, म्यु.घ.न.87, लक्ष्मी बिल्डिंग ते म्यु.घ.न.141ते म्यु.घ.न.143,सणस बिल्डिंग,विभाग 1 ते 14. ब) समर्थ हनुमान पथ,ओमकार बी-2, विभाग 15 ते 16.",87.5,ok,
046-Dr._Babasaheb_Ambedkar_Road_Mumbai-400012.pdf,"अ) डॉ.बाबासाहेब आंबेडकर रोड (पूर्व),सणस बिल्डींग ते म्यु.घ.न.171-बी मस्जिद ट्रस्ट चाळ, विभाग 1 ते 17.",88.5,ok,
047-Veer_Shri.K.Hadkar_Marg_Mumbai-400033.pdf,"अ) तुकाराम भिसाजी कदम मागग म्यु.घ.नं 37 ते म्यु.ध.न.87,रामजी रावजी बिल्डिंग,विभाग 1ते7. ब) तुकाराम भिसाजी कदम मार्ग (प),म्यु.घ.न.4ते जुनी बावन चाळ,नवीन टाकी कंपाऊंड आणि म्यु.घ.न.86,जेन बिल्डिग,म्यु.घ.न.15-ए,भाटीया चाळ ते जुनी बावन चाळ, विभाग 8 ते 22.",87.2,ok,
048-Veer_Shri.K.Hadkar_Marg_Mumbai-400033.pdf,"अ) तुकाराम भिसाजी कदम मार्ग(पश्‍्चिम)म्यु.घ.न. 106 तैयाबी अपार्टमेंट अणि 110-114 व्हाईट हाऊस,विभाग 1 ते 2. ब) रामभाऊ भोगले मार्ग (प) म्यु.घ.न.42,न्यु बा- वन चाळ समोर, विभाग 3. क) वीर तानाजी मालुसरे पथ,म्यु.घ.न.55 ते 81, न्यु बावन चाळ,चिंचपोकळी क्रॉस लेन पत्राशेड, विभाग 4ते 7.",90.0,ok,
049-Veer_Shri.K.Hadkar_Marg_Mumbai-400033.pdf,"अ) अनंत गणपत पवार मार्ग लेन (उ) संघर्ष सदन ते प्रभाकर नगर,विभाग 1 ते 5.",87.5,ok,
050-Veer_Shri.K.Hadkar_Marg_Mumbai-400033.pdf,"अ) रामभाऊ भोगले मार्ग, अभिनंदन निवास ते सुंदरदास गोडाऊन नं.2, गव्हर्नमेंट मेडीकल डेपो विभाग 1 ते 8. ब) वीर तानाजी मालुसरे पथ,भालेराव भवन ते जवेरीया बिल्डिंग, विभाग 9 ते 12.",92.3,ok,
051-Veer_Shri.K.Hadkar_Marg_Mumbai-400033.pdf,"अ) रामभाऊ भोगले मार्ग म्यु.घ.नं 93 रामजी केशवजी बिल्डिंग ते म्यु.घ.न.107 आर.के.बि. विभाग 1 ते 9. ब) रामभाऊ भोगले मार्ग म्यु.घ.न.23,चोप्रा सदन ते म्यु.घ.न.73-ब संघवी सदन,विभाग 10 ते18.",88.6,ok,
052-Veer_Shri.K.Hadkar_Marg_Mumbai-400033.pdf,"अ) रामभाऊ भोगले मार्ग,म्यु.घ.न. 81-ए ते म्यु.घ.न.87, विभाग 1 ते 4. ब) रामभाऊ भोगले मार्ग,म्यु.घ.न.299-बी,बोटा वाला चाळ ते म्यु.घ.न.299डी,बोटावाला चाळ न.14/15, विभाग 5 ते 9.",89.2,ok,
053-Veer_Shri.K.Hadkar_Marg_Mumbai-400033.pdf,"अ) रामभाऊ भोगले मार्ग, म्यु.घ.नं.171 ते 185 खंड-9;राजु कामाठी चाळ ते न्यु इरानी बिल्डिंग, विभाग 1 ते 8. ब) रामभाऊ भोगले मार्ग,म्यु.घ.न.273 ते म्यु.घ.न 299-ए, म्यु.घ.न.273 मच्छीवाला चाळ ए ते घो- डपदेव क्रॉस रोड नं.1,संत जनाबाई मार्केट, विभाग 9 ते 19.",91.3,ok,
054-Rambhau_Bhogle_Marg_Mumbai-400033.pdf,"अ) घोडपदेव क्रॉस रोड नं.3 म्यु.घ.नं.131राजु कामाठी चाळ ते म्यु.घ.न.137,अब्दुल्ला मुसाबाई चाळ, विभाग 1 ते 16. ब) ई.एस.पाटणवाला मार्ग,नवयुग वुड वॅक्स ते विराट टिंबर मार्ट, विभाग 17 ते 18. क) घोडपदेव क्रॉस रोड नं.2,म्यु.घ.न.161ए हिर- जी भोजराज चाळ ते म्यु.घ.न.161बी जाफराबाई कानजी चाळ, विभाग 19 ते 28.",89.5,ok,
055-E.S.Patanwala_Marg_Mumbai-400027.pdf,"अ) घोडपदेव क्रॉस रोड नं.1 म्यु.घ.नं 8 ते नलु सायकल मार्ट,विभाग 1 ते11. ब) घोडपदेव क्रॉस रोड नं.2,मेहरअली सॉ मिल जवळील झोपडपट्टी ते परफेक्ट ईजिनिअरिंग aaa tee नं.415,विभाग 12 ते 33. क) रामभाऊ भोगले मार्ग,ईरानि बिल्डिंग ते ख्रिस्त व्हिला,विभाग 34 ते 40.",89.0,ok,
056-E.S.Patanwala_Marg_Mumbai-400027.pdf,"अ) ई.एस.पाटणवाला मार्ग नवयुग आर्ट इंडस्ट्रिज, ते शाह देवी चंद आणि कंपनी,विभाग 1 ते 10. ब) ई.एस.पाटणवाला जोड मार्ग,हिंद सा मिल ते साईनाथ नगर नाका, विभाग 11 ते 14. क) घोडपदेव क्रॉस रोड नं.3,सुप्रीम प्रिंट झोपडप- el ते महमंदि रेस्टॉरेंट, विभाग 15 ते 23. ड) घोडपदेव क्रॉस रोड नं.4,ई.एस.पाटणवाल झो- पडी ते सेप्टी टयुब कंपनी,विभाग 24 ते 29. ई) रामभाऊ भोगले मार्ग,म्यु.घ.न.159,संत जना",88.5,ok,
057-E.S.Patanwala_Marg_Mumbai-400027.pdf,"अ) घोडपदेव क्रॉस रोड नं-1,श्रीराम सॉ मिल ते महमद फनीचर, विभाग 1 ते 7. ब) रामभाऊ भोगले मार्ग,म्यु.घ.न.109 ते म्य. घ.न.175ए , विभाग 8 ते 11. क) रामभाऊ भोगले मार्ग,म्यु.घ.न.299 ते म्यु.घ. 7.319 faart 12 ते 18. ड) घोडपदेव क्रॉस रोड न॑.1,ईस्माईल टोळे चाळ ते एस.डो.फनीचर, विभाग 19.",84.3,ok,
058-E.S.Patanwala_Marg_Mumbai-400027.pdf,"अ) घोडपदेव क्रॉस रोड नं.1,मोदी कंपाऊंड ए ब्लॉ क शेड ते एन.ब्लॉक शेड , विभाग 1 ते 16.",87.2,ok,
059-E.S.Patanwala_Marg_Mumbai-400027.pdf,"अ) घोडपदेव क्रॉस रोड नं 1,आर.ब्लॉक शेड ते खलील चाळ,विभाग 1 ते 10.",87.2,ok,
060-E.S.Patanwala_Marg_Mumbai-400027.pdf,"अ) घोडपदेव क्रॉस रोड नं.1,मुमताज चाळ पत्रा शेड 2 ते प्लॉट नं.16/2 जवाहर सॉ मिल जवळी- ल प्रत्रा शेड म्यु.घ.न.1-5 हबीब बिल्डिंग, विभाग 1 ते 18.ब) डॉ.म्हस्कारेन्हास रोड,म्यु.घ.न.15,हबीब बि.,प्रधान बिल्डिंग, विभाग 19 ते 22.क) बॅरिस्टर नाथ पै मार्ग बी.पी.टी कंपाऊंड ते ई.एस.पाटणवाला जोड मार्ग झोपडपट्टी,विभाग 23 ते 29. ड) बॅरिस्टर नाथ पै मार्ग,म्यु.घ.न.132 ते 354, विभाग 30 ते 37.",90.5,ok,
061-E.S.Patanwala_Marg_Mumbai-400027.pdf,"अ) HATE मार्ग,टॅक बंदर रोड, म्यु.घ.नं. 16 / 56 हितेश एण्ड कंपनी 154 गणेश गोडाऊन ते खलील मंजील ते नरखोदाद बिल्डिंग, विभाग 1 ते 8. ब) केसरीनाथ रामचंद्र म्हात्रे मार्ग,टँक बंदर रोड, म्यु.घ.न.38-76, विभाग 9 .",87.0,ok,
062-E.S.Patanwala_Marg_Mumbai-400027.pdf,"अ) संत सावता मार्ग लो लेव्हल;,झोपडपट्टी ते म्हात्रे हाऊस,विभाग 1 ते 8. ब) नारळवाडी म्यु.घ.न.1,त्रिदेवी बिल्डिंग ते म्यु. घ.न.33-बी,खोजा चाळ,विभाग 9 ते 26.",85.7,ok,
063-E.S.Patanwala_Marg_Mumbai-400027.pdf,"अ) नारळवाडी म्यु.घ.नं 1 ते 24 (म.नि.बि.32), विभाग 1 ते 11. ब) संत सबता मार्ग पुल झोपडपट्टी,झोपडी नं.1 ते 107 विभाग 12 ते 22.",85.8,ok,
064-E.S.Patanwala_Marg_Mumbai-400027.pdf,"अ) संत सावता मार्ग पूल म्यु.घ.नं 22,दाऊद रंग वाला चाळ ते म्यु.घ.न.32,बाबा मुन्शी चाळ, विभाग 1 ते 15.",87.5,ok,
065-Signal_Hill_View_Mumbai-400010.pdf,"अ) टॅक बंदर रोड झोपटपट्टी, बी.डी.स्टिल गोडा- ऊन ते कोलाबंदर झोपडपट्टी, विभाग 1 ते 16 ब) कवे स्ट्रीट (उ) म्यु.घ.न.155 ते प्लॉट नं.38, विभाग 17 ते 49.",88.7,ok,
066-Signal_Hill_View_Mumbai-400010.pdf,"अ) टॅकबंदर रोड पिंटो हाउस ते आर.पी.ऑफिस कोला बंदर , विभाग 1 ते 21.",87.6,ok,
067-Signal_Hill_View_Mumbai-400010.pdf,"अ) टॅकबंदर रोड धनाजी जेठा कंपाऊंड ते रेगो सन्स, कोलाबंदर (पुर्व),झोपडी नं.। ते 81, विभाग 1 ते 10. ब) सिग्नल हिल अव्हेन्यु ,खुदाबक्श बिल्डिंग प्लॉट 4.26 (सोनापुर गल्ली), विभाग 11 ते 27. क) कोलाबंदर झोपडपट्टी (कोळसाबंदर ते कोला बंदर झोपडपट्टी) ते दिबागचंद आणि कंपनीच्या बाजुची झोपडपट्टी,विभाग 28 ते 47.",90.2,ok,
068-Signal_Hill_View_Mumbai-400010.pdf,"अ) कौलाबंदर झोपडपटटी ,जगन्नाथ भगवानदास कंपनी जवळील झोपडपटटी,झोपडी 4.1 ते सिंघल ईजिनिअरीग dea fam 1 ते 9. ब) माझगांव कोळसाबंदर (उ) लोहार पत्रा चाळ ते प्लॉट 4.243 किशन स्टिल, विभाग 10 ते 53. (प्लॉट नं.284 गाळा नं 5 रझाक लोहार पत्रा चाळ ते कोळसा बंदर झोपडपट्टी )",88.1,ok,
069-Signal_Hill_View_Mumbai-400010.pdf,"अ) बोट हार्ड रोड (म.न.वि.33)खंड-1, विभाग 1 ते 5. ब) बँ.नाथ पै.मार्ग कॉटन Vay ब्रिज(म.न.वि.33) विभाग 6 ते 16. क) माझगांव कोळसा बंदर (उ)म.नि.वि.33) खंड -2,माझगांव कोळसा बंदर उत्तर म.नि.वि.33, बॅरिस्टर गाथ पे. मार्ग, विभाग 17 ते 54.",86.4,ok,
070-Signal_Hill_View_Mumbai-400010.pdf,"अ) सिग्नल हिल Bey (aH एव्हरग्रिन हॉटेल ते are गॅरेज, विभाग 1 ते 28. ब) व्हिक्टोरिया रोड दारूखाना प्लॉट 4.39 ते लाम्बा टोमर कंपनी (बालाजी स्टील 'के' ते रे रोड झोपडपटटी), विभाग 29 ते 59. क) हार्ड बंदर झोपडपट्टी ते मेसेंट रोड मुलजी जेठा मार्ग मार्केट (बी.पी.टी.पत्रा शेड)विभाग 60 ते 64",87.5,ok,
071-Dr._Mahaskarenhas_Road_Mumbai-400010.pdf,"अ) चापसी भीमजी रोड म्यु घ.न.19-34ए ते 34 बी खंड-3, (म्यु.घ.न. 19-34 श्री निवास बि.ए ते म्यु.घ.न.20-34 श्री निवास बि.बी), विभाग 143. ब) अंजिरवाडी बी (हरिराम भिमजी चाळ नं.1]म्यु घ.न.82 ते बॉम्बे प्रोफिंग ई हसनाबाद समोर 17 बी, बी अंजीरवाडी), विभाग 4 ते 28.",90.1,ok,
072-Dr._Mahaskarenhas_Road_Mumbai-400010.pdf,"अ) बॅरिस्टर नाथ पे मागं म्यु.घ.न.160ते184ए्‌ विभाग 1 ते 3. ब) बॅरिस्टर नाथ पै मार्ग म्यु.घ.न.196 ते एटलस मिल कंपाऊंड, विभाग 4 ते 27. क) अंजिरवाडी ए एम्यु.घ.न.8 चापशी भिमजी चाळ ते 03 आदमशी पिरभाई कब्रस्तान), विभाग 28 ते 32. ड) डॉ.मस्कारेहान्स रोड म्यु.घ.न.061ते131बी. इ) चापशी भिमजी रोड म्यु.घ.न.एच ते 60 बो.",83.9,ok,
073-Haji_Bandar_Road_Mumbai-400015.pdf,"अ) फॉसबरी रोड मुन्शीबाई आणि कंपनी. (म.नि. वि.46), इंदिरा नगर झोपडपटटी, जयभिम नगर झोपडपटटी, हांजी बंदर रोड,(कापडीया गोडाऊन झोपडपट्टी ते इंदिरानगर झोपडपट्टी), विभाग 1 ते 39.",91.0,ok,
074-Haji_Bandar_Road_Mumbai-400015.pdf,"अ) शिवडी कोळीवाडा रोड(द),से.घ.न.18 बशीर सेठ चाळ ते एम.एल.एल.आय.डी.कार्पोरेशन (इंडोअरब कंपनी ते AAT कंपाऊंड), विभाग 1 ते 5. ब) शिवडी फोर्ट रोड(पू), ठाकुर इंजिनिअरींग Gas ते पत्राशेड युनीव्हर्सल हेवी लीफटींग इंटरप्रायजेस विभाग 6 ते 20. क) शिवडी फोर्ट रोड (प) बी.पी.टी गोडाऊ न ते जॉन रॉबर्ट कंपनी प्रा.ली.(शहा कानजी नरसी कंपनी ते बी.पी.टी.गोडाऊ न), विभाग 21ते23.",89.3,ok,
075-Haji_Bandar_Road_Mumbai-400015.pdf,"अ) WAU. ANAS SAT नगर हटमेंट एस.रेती बंदर गेट नं.1,विभाग 1.",75.8,ok,
076-Haji_Bandar_Road_Mumbai-400015.pdf,"अ) एस.एस.आर .रोड,दादाभाई हारमसजी कंपनी इंडिया ऑईल कंपनी,(इंदिरानगर हटमेंट एस.रेती बंदर गेट नं.1ते एस.एस.आर रोड मुंबई 15) विभाग 1 ते 11. ब) हाजी बंदर रोड इंदिरा नगर झोपडपट्टी भाग नं. 2 आणि रेतीबंदर रोड झोपडपट्टी भाग नं.2 (एस.एस.आर.रोड मुंबई 15),विभाग 12.",91.7,ok,
077-Haji_Bandar_Road_Mumbai-400015.pdf,"अ) हेवी बंदर रोड,लकी मेन्शन ते टाटा ऑईल कंपनी (लकी रेस्टॉरंट ते मागील आर .झोपडपट्टी) विभाग 1 ते 26.ब) फॉसबरी रोड 1ली लेन (शांतीलाल शेड गाळा पत्राशेड ते हरूण गॅरेज झोपडपट्टी) विभाग 27 ते 56.क) फॉसबरी रोड 2 री लेन (ales शेड गाळा ते लक्ष्मी निवास मागे) विभाग 574 71 .ड) मेसंट रोड गव्ह.ग्रेन गोडाऊन बी ते गव्ह.मिनरल्स ग्राईडिंग कॉ.फॉसबरी रोड,2 री लेन (ART ट्रान्सपोर्ट डी शेड ग्रेन डेपो ते शिवडी को.डेपो मेसंट रोड), विभाग 72 ते 73.",90.7,ok,
078-Haji_Bandar_Road_Mumbai-400015.pdf,"अ) हाजी बंदर रोड से.घ.न.66 सूर्या निवास ते ओ.के ऑइल मिल्स,विभाग 1 ते 17.",81.5,ok,
079-G.D._Ambekar_Marg_Mumbai-400033.pdf,"अ) ग.द.आंबेकर मार्ग (पू) जिजामाता नगर झो- पडपट्टी (मनुके लोहार चाळ ते जीवन सहारा वसाहत), विभाग 1 ते 42. ब) ग.द.आंबेकर मार्ग (वेस्टर्न इंडिया मिल चाळ नं 1ते साईं श्रध्दा गॅरेज शेड), विभाग 43 ते 47.",91.2,ok,
080-G.D.Ambekar_Marg_Mumbai-400033.pdf,"अ) ग.द.आंबेकर मार्ग (पूर्व) खंड-2 जिजामाता नगर झोपडपट्टी,बाबुशेठ चाळ ते नवजीवन सेवा मंडळ, विभाग 1 ते 13.",86.7,ok,
081-G.D.Ambekar_Marg_Mumbai-400033.pdf,"अ) ग.द.आबेकर मार्ग स.चि.चा.1,ब्लॉक सी खंड-3 जिजामाता नगर झोपडपट्टी संक्रमण शिबिर चाळ नं.1 ते सिध्दी विनायक सोसायटी, विभाग 1 ते 6.",89.0,ok,
082-G.D.Ambekar_Marg_Mumbai-400033.pdf,"अ) ग.द.आंबेकर मार्ग (पुर्व) जिजामाता नगर झोपड- पट्टी (42) खंड-4 दोभोळकर अड्डा ते रूप रेयॉन मिल जिजामाता नगर, विभाग 1ते 4.",85.6,ok,
083-G.D.Ambekar_Marg_Mumbai-400033.pdf,"अ) ग.द.आंबेकर मार्ग (पुर्व) जिजामाता नगर झोपड- पट्टी ते मुनीसर शेठ चाळ जिजामाता नगर, विभाग 1 ते 9.",89.7,ok,
084-G.D.Ambekar_Marg_Mumbai-400033.pdf,"अ) ग.द.आंबेकर मार्ग (पुर्व) जिजामाता नगर झोपडप- eet महाराष्ट्र हौसिंग बोर्ड बिल्डिंग नं.19 जवळील कोळीवाडा झोपडपट्टी ते महाराष्ट्र हौसिंग बोर्ड बिल्डिंग नं.20 च्या मागे झोपडपट्टी , विभाग 1 ते 5.",85.4,ok,
085-G.D.Ambekar_Marg_Mumbai-400033.pdf,"अ) Tz. आंबेकर मार्ग जिजामाता नगर झोपडपट्टी सत्यम सेवा मंडळ ते गायकवाड चाळ, विभाग 1 ते 6.",89.8,ok,
086-G.D.Ambekar_Marg_Mumbai-400033.pdf,"अ) ग.द.आंबेकर मार्ग (पूर्व)जिजामाता नगर झोपडप- ट्टी, म्यु.घ.न.282 वाण्याची चाळ नं.5 ते धरती क्रिडा मंडळ विभाग 1 ते 10.",87.5,ok,
087-G.D.Ambekar_Marg_Mumbai-400033.pdf,"अ) वीर श्रीकांत केशव हडकर मार्ग(उ)अभ्युदयनगर महाराष्ट्र हौसिंग बोर्ड बिल्डिंग नं.32ते बिल्डिंग36 विभाग 1 ते 10.",85.2,ok,
088-G.D.Ambekar_Marg_Mumbai-400033.pdf,"अ) वीर श्रीकांत केशव हडकर मार्ग (एन) (म.नि वि.42)खंड-2 से.घ.न.205 तुळशीदास खिमजी चाळ ते अभ्युदय नगर मातृछाया सहकारी गृह नि- माण संस्था मर्यादित इमार क्र.19, विभाग 1 ते 12. ब) ग.द.आंबेकर मार्ग पुर्ब (म.नि.बि.42) 11 गुरू दत्त चाळ कमीटी ते 130 जिजामाता नगर fad. 20 च्या समोर, बिभाग 13 ते 28.",89.4,ok,
089-Veer_Shri.K.Hadkarmarg_Mumbai-400033.pdf,"अ) ग.द.आंबेकर मार्ग म्यु घ.न.351खेडेकर चाळ ते न्यु म्युनिसीपल चाळ ब्लॉक जे जिजामाता नगर, विभाग 1 ते 21.",86.7,ok,
090-Veer_Shri.K.Hadkarmarg_Mumbai-400033.pdf,"अ) बीर श्रीकांत केशव हडकर मार्ग (उ) अभ्युदयनगर महाराष्ट्र हौसिंग बोर्ड बिल्डिंग नं.1 ते 5 आणि शहीद भगतसिंग माळी शेड (महाराष्ट्र हौ- सिंग बोर्ड बिल्डिंग नं.1 ते शिवाजी विद्यालयाच्या बाजुची झोपडी),विभाग 1 ते 12.",88.6,ok,
091-Veer_Shri.K.Hadkarmarg_Mumbai-400033.pdf,"अ) वीर श्रीकांत केशव हृडकर मार्ग (उ)अभ्युदयनगर बिल्डिंग नं.6 ते 10 आणि बिल्डिंग 10 मागिल पत्राशेड, विभाग 1 ते 9.",88.2,ok,
092-Veer_Shri.K.Hadkarmarg_Mumbai-400033.pdf,"अ) वीर श्रीकांत केशव हडकर मार्ग (उ)अभ्युदयनगर महाराष्ट्र हौसिंग बोर्ड बिल्डिंग नं.22ए ते 27आणि रायगड सदन (अतुल निवास),विभाग 1 ते 14.",87.7,ok,
093-Veer_Shri.K.Hadkarmarg_Mumbai-400033.pdf,"अ) A श्रीकांत केशव हडकर मार्ग (उ)अभ्युदय नगर बी.नं.13 ते 16(म.नि.वि.42), विभाग 1 ते 6. ब) बीर श्रीकांत केशव हडकर मार्ग अभ्युदयनगर महाराष्ट्र हौसिंग बोर्ड बिल्डिंग नं.29 ते 31, विभाग 7 ते 10.",88.9,ok,
094-Veer_Shri.K.Hadkarmarg_Mumbai-400033.pdf,"अ) वीर श्रीकांत के.ह.मार्ग (उ)अभ्युदय नगर ते 4 वि.खंड-8, विभाग 1 ते 4. ब) वीर श्रीकांत केशव हडकर मार्ग महाराष्ट्र हौ- सिंग बोर्ड बिल्डिंग नं.6,7,8,9,10,22,26 आणि बिल्डिंग नं.39 मागील झोपडपट्टी, विभाग 5 ते 19.",89.9,ok,
095-Veer_Shri.K.Hadkarmarg_Mumbai-400033.pdf,"अ) AR श्रीकांत केशव हडकर मार्ग महाराष्ट्र हौ. बोर्ड बिल्डिंग 4.20 ते 22, विभाग 1 ते 4. ब) बीर श्रीकांत केशव हडकर APT महाराष्ट्र हौ. बोर्ड इमारत क्र.37 ते 38. आणि जवळील पत्रा शेड, विभाग 5 ते 9.",88.3,ok,
096-Veer_Shri.K.Hadkarmarg_Mumbai-400033.pdf,"अ) A श्रीकांत केशव हडकर मार्ग (द)बी.पी.टी क्वार्टर्स ते पोलिस dee कवार्टर्स,छोटानी बंगलो, (बी.पी.टी gard 22,चटई चाळ नं.8 ते 10048 फळ चाळ, )विभाग 1 ते 11.",77.4,ok,
097-Veer_Shri.K.Hadkarmarg_Mumbai-400033.pdf,"अ) वीर श्रीकांत केशव हडकर मार्ग (उ)महाराष्ट्र हौसिंग बोर्ड इमारत क्र.41 ते 43,विभाग 1ते3. ब) वीर श्रीकांत केशव हडकर मार्ग (उ)महाराष्ट्र हौसिंग बोर्ड इमारत क्र.39 आणि 40, विभाग 4 ते 6.",87.7,ok,
098-Veer_Shri.K.Hadkarmarg_Mumbai-400033.pdf,"अ) वीर श्रीकांत केशव हडकर मार्ग (उ) जानी बि. नं.1 ते बॉम्बे डॉक लेबर बोर्ड इमारत क्र.। विभाग 1 ते 3.ब) वीर श्रीकांत केशव हडकर मार्ग (उ)बॉम्बे डॉकलेबर बोर्ड इमारत क्र.2 ते 9.विभाग 4 ते 14.क) बॅरिस्टर नाथ पै मार्ग से.घ.न.274 न्यु सब इन्सपेक्टर कवार्टर्स से.घ.न.261 हिंद ज्योति बिल्डिंग विभाग 15 ते 20.ड) वीर श्रीकांत केशव हडकर मार्ग (उ)बॉम्बे डॉकलेबर बोर्ड इमारत क्र.10 ते 14 विभाग 21ते25.",88.1,ok,
099-Cotton_Exchange_Department_Mumbai-400033.pdf,"अ) झकेरिया बंदर रोड (प) घ.न.247 चटई चाळ 1ते 7 झोपडपट्टी (सी.एच.नं.247 चटई चाळ नं 1 ते आदर्श दुग्धालय),विभाग 1 ते 25. ब) बाऊंडरी रोड (प) से.घ.न.429 बी .पी.टी.ब्लॉ- क नं.10, से.घ.न. बी.पी.टी.ब्लॉक नं.अ ते से.घ.न.429 बी.पी.टी.ब्लॉक 4.7, विभाग 26 ते 36.",90.3,ok,
100-Cotton_Exchange_Department_Mumbai-400033.pdf,"अ) कॉटन एक्सचेज एरिया गो.हिंदू हॉटेल ते बी.पी .टी.ऑफिसर्स कवार्टर्स,जकेरिया बंदर रोड, विभाग 1 ते 4.ब) जकेरिया बंदर रोड (पुर्व)चंद्र विलास हिंदु हॉटेल ते अर्स॑ ब्रेझर्स प्रा.लि.व झोपडपट्टी,विभाग 5 ते 10.क) जकेरिया बंदर रोड (प) खंडेलवाल मेन्शन ते शिवकृपा,विभाग 11 ते 17.ड) बाऊंडरी रोड (पुर्व) बी.पी.टी.इस्टेट ते मेनेजर बंगलो, विभाग 18 ते 32. ई) बॅरिस्टर नाथ पे मार्ग म्यु.घ.न.100 Set वॅक्स ते फुटपाथ वरील झोपडपट्टी,विभाग 33त37.",87.6,ok,
