PDF File,Page No.,Pincode,Address Line 1,Address Line 2 (with Pincode),Full Address (Combined)
010-Farooq_S_Umar_Bhai_Path.pdf,2,400011,म्यु.घ.नं.1 ते 3 किकाबाई बिल्डींग,1 अ) आर.बी.चांदोरकर मार्ग (मनिवि 36) खंड 2 मुंबई शहर पिनकोड 400011,म्यु.घ.नं.1 ते 3 किकाबाई बिल्डींग  1 अ) आर.बी.चांदोरकर मार्ग (मनिवि 36) खंड 2 मुंबई शहर पिनकोड 400011
010-Farooq_S_Umar_Bhai_Path.pdf,3,400011,4 म्यु.घ.नं. 1 ते 3 किकाबाई fan,( सलग ) 1 अ) आर.बी.चांदोरकर मार्ग (मनिवि 36) खंड 2 मुंबई शहर पिनकोड 400011,4 म्यु.घ.नं. 1 ते 3 किकाबाई fan  ( सलग ) 1 अ) आर.बी.चांदोरकर मार्ग (मनिवि 36) खंड 2 मुंबई शहर पिनकोड 400011
010-Farooq_S_Umar_Bhai_Path.pdf,4,400011,4 म्यु.घ.नं. 1 ते 3 किकाबाई fan,( सलग ) 1 अ) आर.बी.चांदोरकर मार्ग (मनिवि 36) खंड 2 मुंबई शहर पिनकोड 400011,4 म्यु.घ.नं. 1 ते 3 किकाबाई fan  ( सलग ) 1 अ) आर.बी.चांदोरकर मार्ग (मनिवि 36) खंड 2 मुंबई शहर पिनकोड 400011
010-Farooq_S_Umar_Bhai_Path.pdf,5,400011,4 म्यु.घ.नं. 1 ते 3 किकाबाई fan,( सलग ) 1 अ) आर.बी.चांदोरकर मार्ग (मनिवि 36) खंड 2 मुंबई शहर पिनकोड 400011,4 म्यु.घ.नं. 1 ते 3 किकाबाई fan  ( सलग ) 1 अ) आर.बी.चांदोरकर मार्ग (मनिवि 36) खंड 2 मुंबई शहर पिनकोड 400011
010-Farooq_S_Umar_Bhai_Path.pdf,5,400011,2 म्यु.घ.नं.1 ते 3 किकाबाई बैठी चाळ,1 अ) आर.बी.चांदोरकर मार्ग (मनिवि 36) खंड 2 मुंबई शहर पिनकोड 400011,2 म्यु.घ.नं.1 ते 3 किकाबाई बैठी चाळ  1 अ) आर.बी.चांदोरकर मार्ग (मनिवि 36) खंड 2 मुंबई शहर पिनकोड 400011
010-Farooq_S_Umar_Bhai_Path.pdf,6,400011,2 Baal ते 3 किकाबाई बैठी चाळ,( सलग ) 1 अ) आर.बी.चांदोरकर मार्ग (मनिवि 36) खंड 2 मुंबई शहर पिनकोड 400011,2 Baal ते 3 किकाबाई बैठी चाळ  ( सलग ) 1 अ) आर.बी.चांदोरकर मार्ग (मनिवि 36) खंड 2 मुंबई शहर पिनकोड 400011
010-Farooq_S_Umar_Bhai_Path.pdf,6,400011,3 म्यु.घ.नं.5 बी.आय.टी.चाळ क्र.20,1 अ) आर.बी.चांदोरकर मार्ग (मनिवि 36) खंड 2 मुंबई शहर पिनकोड 400011,3 म्यु.घ.नं.5 बी.आय.टी.चाळ क्र.20  1 अ) आर.बी.चांदोरकर मार्ग (मनिवि 36) खंड 2 मुंबई शहर पिनकोड 400011
010-Farooq_S_Umar_Bhai_Path.pdf,7,400011,यादी भाग क्रमांक 0010,( सलग ) 1 अ) आर.बी.चांदोरकर मार्ग (मनिवि 36) खंड 2 मुंबई शहर पिनकोड 400011,यादी भाग क्रमांक 0010  ( सलग ) 1 अ) आर.बी.चांदोरकर मार्ग (मनिवि 36) खंड 2 मुंबई शहर पिनकोड 400011
010-Farooq_S_Umar_Bhai_Path.pdf,8,400011,3 BAAS बौ.आय.टो.चाळ क्र.20,( सलग ) 1 अ) आर.बी.चांदोरकर मार्ग (मनिवि 36) खंड 2 मुंबई शहर पिनकोड 400011,3 BAAS बौ.आय.टो.चाळ क्र.20  ( सलग ) 1 अ) आर.बी.चांदोरकर मार्ग (मनिवि 36) खंड 2 मुंबई शहर पिनकोड 400011
010-Farooq_S_Umar_Bhai_Path.pdf,9,400011,3 BAAS बौ.आय.टो.चाळ क्र.20,( सलग ) 1 अ) आर.बी.चांदोरकर मार्ग (मनिवि 36) खंड 2 मुंबई शहर पिनकोड 400011,3 BAAS बौ.आय.टो.चाळ क्र.20  ( सलग ) 1 अ) आर.बी.चांदोरकर मार्ग (मनिवि 36) खंड 2 मुंबई शहर पिनकोड 400011
010-Farooq_S_Umar_Bhai_Path.pdf,10,400011,3 म्यु.घ.नं.5 stared. .,( सलग ) 1 अ) आर.बी.चांदोरकर मार्ग (मनिवि 36) खंड 2 मुंबई शहर पिनकोड 400011,3 म्यु.घ.नं.5 stared. .  ( सलग ) 1 अ) आर.बी.चांदोरकर मार्ग (मनिवि 36) खंड 2 मुंबई शहर पिनकोड 400011
010-Farooq_S_Umar_Bhai_Path.pdf,11,400011,3 BAAS बौ.आय.टो.चाळ क्र.20,( सलग ) 1 अ) आर.बी.चांदोरकर मार्ग (मनिवि 36) खंड 2 मुंबई शहर पिनकोड 400011,3 BAAS बौ.आय.टो.चाळ क्र.20  ( सलग ) 1 अ) आर.बी.चांदोरकर मार्ग (मनिवि 36) खंड 2 मुंबई शहर पिनकोड 400011
010-Farooq_S_Umar_Bhai_Path.pdf,12,400011,यादी भाग क्रमांक 0010,( सलग ) 1 अ) आर.बी.चांदोरकर मार्ग (मनिवि 36) खंड 2 मुंबई शहर पिनकोड 400011,यादी भाग क्रमांक 0010  ( सलग ) 1 अ) आर.बी.चांदोरकर मार्ग (मनिवि 36) खंड 2 मुंबई शहर पिनकोड 400011
010-Farooq_S_Umar_Bhai_Path.pdf,13,400011,3 म्यु.घ.नं.>,( सलग ) 1 अ) आर.बी.चांदोरकर मार्ग (मनिवि 36) खंड 2 मुंबई शहर पिनकोड 400011,3 म्यु.घ.नं.>  ( सलग ) 1 अ) आर.बी.चांदोरकर मार्ग (मनिवि 36) खंड 2 मुंबई शहर पिनकोड 400011
010-Farooq_S_Umar_Bhai_Path.pdf,13,400011,4 बी.आय.टी.चाळ नं.4,2 ब) मेघराज सेठी मार्ग (मनिवि 35-36) खंड 1 मुंबई शहर पिनकोड 400011,4 बी.आय.टी.चाळ नं.4  2 ब) मेघराज सेठी मार्ग (मनिवि 35-36) खंड 1 मुंबई शहर पिनकोड 400011
010-Farooq_S_Umar_Bhai_Path.pdf,14,400011,4 बौी.आय.टो.चाळ नं.4,( सलग ) 2 ब) मेघराज सेठी मार्ग (मनिवि 35-36) खंड 1 मुंबई शहर पिनकोड 400011,4 बौी.आय.टो.चाळ नं.4  ( सलग ) 2 ब) मेघराज सेठी मार्ग (मनिवि 35-36) खंड 1 मुंबई शहर पिनकोड 400011
010-Farooq_S_Umar_Bhai_Path.pdf,15,400011,4 बौ.आय.टो.चाळ नं.4,( सलग ) 2 ब) मेघराज सेठी मार्ग (मनिवि 35-36) खंड 1 मुंबई शहर पिनकोड 400011,4 बौ.आय.टो.चाळ नं.4  ( सलग ) 2 ब) मेघराज सेठी मार्ग (मनिवि 35-36) खंड 1 मुंबई शहर पिनकोड 400011
010-Farooq_S_Umar_Bhai_Path.pdf,16,400011,4 बौ.आय.टो.चाळ नं.4,( सलग ) 2 ब) मेघराज सेठी मार्ग (मनिवि 35-36) खंड 1 मुंबई शहर पिनकोड 400011,4 बौ.आय.टो.चाळ नं.4  ( सलग ) 2 ब) मेघराज सेठी मार्ग (मनिवि 35-36) खंड 1 मुंबई शहर पिनकोड 400011
010-Farooq_S_Umar_Bhai_Path.pdf,17,400011,4 बौी.आय.टो.चाळ नं.4,( सलग ) 2 ब) मेघराज सेठी मार्ग (मनिवि 35-36) खंड 1 मुंबई शहर पिनकोड 400011,4 बौी.आय.टो.चाळ नं.4  ( सलग ) 2 ब) मेघराज सेठी मार्ग (मनिवि 35-36) खंड 1 मुंबई शहर पिनकोड 400011
010-Farooq_S_Umar_Bhai_Path.pdf,18,400011,बी.आय.टो.चाळ नं.4,( सलग ) 2 ब) मेघराज सेठी मार्ग (मनिवि 35-36) खंड 1 मुंबई शहर पिनकोड 400011,बी.आय.टो.चाळ नं.4  ( सलग ) 2 ब) मेघराज सेठी मार्ग (मनिवि 35-36) खंड 1 मुंबई शहर पिनकोड 400011
010-Farooq_S_Umar_Bhai_Path.pdf,19,400011,बी.आय.टो.चाळ नं.4,( सलग ) 2 ब) मेघराज सेठी मार्ग (मनिवि 35-36) खंड 1 मुंबई शहर पिनकोड 400011,बी.आय.टो.चाळ नं.4  ( सलग ) 2 ब) मेघराज सेठी मार्ग (मनिवि 35-36) खंड 1 मुंबई शहर पिनकोड 400011
010-Farooq_S_Umar_Bhai_Path.pdf,19,400011,5 बी.आय.टी.चाळ नं.4 जवळील झोपडपट्टी,2 ब) मेघराज सेठी मार्ग (मनिवि 35-36) खंड 1 मुंबई शहर पिनकोड 400011,5 बी.आय.टी.चाळ नं.4 जवळील झोपडपट्टी  2 ब) मेघराज सेठी मार्ग (मनिवि 35-36) खंड 1 मुंबई शहर पिनकोड 400011
010-Farooq_S_Umar_Bhai_Path.pdf,20,400011,6 म्यु.घ.नं.6 गुरूशिना चाळ,2 ब) मेघराज सेठी मार्ग (मनिवि 35-36) खंड 1 मुंबई शहर पिनकोड 400011,6 म्यु.घ.नं.6 गुरूशिना चाळ  2 ब) मेघराज सेठी मार्ग (मनिवि 35-36) खंड 1 मुंबई शहर पिनकोड 400011
010-Farooq_S_Umar_Bhai_Path.pdf,21,400011,म्यु.घ.नं.6 गुरूशिना चाळ,2 ब) मेघराज सेठी मार्ग (मनिवि 35-36) खंड 1 मुंबई शहर पिनकोड 400011,म्यु.घ.नं.6 गुरूशिना चाळ  2 ब) मेघराज सेठी मार्ग (मनिवि 35-36) खंड 1 मुंबई शहर पिनकोड 400011
010-Farooq_S_Umar_Bhai_Path.pdf,21,400011,हैदरअली बानोबीन,पिनकोड 400011,हैदरअली बानोबीन  पिनकोड 400011
010-Farooq_S_Umar_Bhai_Path.pdf,22,400011,7 झुला मेदान लगत झ,( सलग ) 2 ब) मेघराज सेठी मार्ग (मनिवि 35-36) खंड 1 मुंबई शहर पिनकोड 400011,7 झुला मेदान लगत झ  ( सलग ) 2 ब) मेघराज सेठी मार्ग (मनिवि 35-36) खंड 1 मुंबई शहर पिनकोड 400011
010-Farooq_S_Umar_Bhai_Path.pdf,23,400011,झुला मैदान लगत झोपडपटट,2 ब) मेघराज सेठी मार्ग (मनिवि 35-36) खंड 1 मुंबई शहर पिनकोड 400011,झुला मैदान लगत झोपडपटट  2 ब) मेघराज सेठी मार्ग (मनिवि 35-36) खंड 1 मुंबई शहर पिनकोड 400011
010-Farooq_S_Umar_Bhai_Path.pdf,23,400011,खान मो.इरफान,पिनकोड 400011,खान मो.इरफान  पिनकोड 400011
010-Farooq_S_Umar_Bhai_Path.pdf,23,400011,खलील उर रेहमान अहमद सैफी,पिनकोड 400011,खलील उर रेहमान अहमद सैफी  पिनकोड 400011
010-Farooq_S_Umar_Bhai_Path.pdf,24,400011,9 म्यु.घ.नं.30-32 भायखळा नसि :,( सलग ) 2 ब) मेघराज सेठी मार्ग (मनिवि 35-36) खंड 1 मुंबई शहर पिनकोड 400011,9 म्यु.घ.नं.30-32 भायखळा नसि :  ( सलग ) 2 ब) मेघराज सेठी मार्ग (मनिवि 35-36) खंड 1 मुंबई शहर पिनकोड 400011
010-Farooq_S_Umar_Bhai_Path.pdf,24,400011,10 म्यु.घ.नं.28 जाफर लॉज बिल्डींग जवळील झो. मेघराज सेठी मार्ग,2 ब) मेघराज सेठी मार्ग (मनिवि 35-36) खंड 1 मुंबई शहर पिनकोड 400011,10 म्यु.घ.नं.28 जाफर लॉज बिल्डींग जवळील झो. मेघराज सेठी मार्ग  2 ब) मेघराज सेठी मार्ग (मनिवि 35-36) खंड 1 मुंबई शहर पिनकोड 400011
010-Farooq_S_Umar_Bhai_Path.pdf,2,400011,म्यु.घ.नं.1 ते 3 किकाबाई बिल्डींग,1 अ) आर.बी.चांदोरकर मार्ग (मनिवि 36) खंड 2 मुंबई शहर पिनकोड 400011,म्यु.घ.नं.1 ते 3 किकाबाई बिल्डींग  1 अ) आर.बी.चांदोरकर मार्ग (मनिवि 36) खंड 2 मुंबई शहर पिनकोड 400011
010-Farooq_S_Umar_Bhai_Path.pdf,3,400011,4 म्यु.घ.नं. 1 ते 3 किकाबाई fan,( सलग ) 1 अ) आर.बी.चांदोरकर मार्ग (मनिवि 36) खंड 2 मुंबई शहर पिनकोड 400011,4 म्यु.घ.नं. 1 ते 3 किकाबाई fan  ( सलग ) 1 अ) आर.बी.चांदोरकर मार्ग (मनिवि 36) खंड 2 मुंबई शहर पिनकोड 400011
010-Farooq_S_Umar_Bhai_Path.pdf,4,400011,4 म्यु.घ.नं. 1 ते 3 किकाबाई fan,( सलग ) 1 अ) आर.बी.चांदोरकर मार्ग (मनिवि 36) खंड 2 मुंबई शहर पिनकोड 400011,4 म्यु.घ.नं. 1 ते 3 किकाबाई fan  ( सलग ) 1 अ) आर.बी.चांदोरकर मार्ग (मनिवि 36) खंड 2 मुंबई शहर पिनकोड 400011
010-Farooq_S_Umar_Bhai_Path.pdf,5,400011,4 म्यु.घ.नं. 1 ते 3 किकाबाई fan,( सलग ) 1 अ) आर.बी.चांदोरकर मार्ग (मनिवि 36) खंड 2 मुंबई शहर पिनकोड 400011,4 म्यु.घ.नं. 1 ते 3 किकाबाई fan  ( सलग ) 1 अ) आर.बी.चांदोरकर मार्ग (मनिवि 36) खंड 2 मुंबई शहर पिनकोड 400011
010-Farooq_S_Umar_Bhai_Path.pdf,5,400011,2 म्यु.घ.नं.1 ते 3 किकाबाई बैठी चाळ,1 अ) आर.बी.चांदोरकर मार्ग (मनिवि 36) खंड 2 मुंबई शहर पिनकोड 400011,2 म्यु.घ.नं.1 ते 3 किकाबाई बैठी चाळ  1 अ) आर.बी.चांदोरकर मार्ग (मनिवि 36) खंड 2 मुंबई शहर पिनकोड 400011
010-Farooq_S_Umar_Bhai_Path.pdf,6,400011,2 Baal ते 3 किकाबाई बैठी चाळ,( सलग ) 1 अ) आर.बी.चांदोरकर मार्ग (मनिवि 36) खंड 2 मुंबई शहर पिनकोड 400011,2 Baal ते 3 किकाबाई बैठी चाळ  ( सलग ) 1 अ) आर.बी.चांदोरकर मार्ग (मनिवि 36) खंड 2 मुंबई शहर पिनकोड 400011
010-Farooq_S_Umar_Bhai_Path.pdf,6,400011,3 म्यु.घ.नं.5 बी.आय.टी.चाळ क्र.20,1 अ) आर.बी.चांदोरकर मार्ग (मनिवि 36) खंड 2 मुंबई शहर पिनकोड 400011,3 म्यु.घ.नं.5 बी.आय.टी.चाळ क्र.20  1 अ) आर.बी.चांदोरकर मार्ग (मनिवि 36) खंड 2 मुंबई शहर पिनकोड 400011
010-Farooq_S_Umar_Bhai_Path.pdf,7,400011,यादी भाग क्रमांक 0010,( सलग ) 1 अ) आर.बी.चांदोरकर मार्ग (मनिवि 36) खंड 2 मुंबई शहर पिनकोड 400011,यादी भाग क्रमांक 0010  ( सलग ) 1 अ) आर.बी.चांदोरकर मार्ग (मनिवि 36) खंड 2 मुंबई शहर पिनकोड 400011
010-Farooq_S_Umar_Bhai_Path.pdf,8,400011,3 BAAS बौ.आय.टो.चाळ क्र.20,( सलग ) 1 अ) आर.बी.चांदोरकर मार्ग (मनिवि 36) खंड 2 मुंबई शहर पिनकोड 400011,3 BAAS बौ.आय.टो.चाळ क्र.20  ( सलग ) 1 अ) आर.बी.चांदोरकर मार्ग (मनिवि 36) खंड 2 मुंबई शहर पिनकोड 400011
010-Farooq_S_Umar_Bhai_Path.pdf,9,400011,3 BAAS बौ.आय.टो.चाळ क्र.20,( सलग ) 1 अ) आर.बी.चांदोरकर मार्ग (मनिवि 36) खंड 2 मुंबई शहर पिनकोड 400011,3 BAAS बौ.आय.टो.चाळ क्र.20  ( सलग ) 1 अ) आर.बी.चांदोरकर मार्ग (मनिवि 36) खंड 2 मुंबई शहर पिनकोड 400011
010-Farooq_S_Umar_Bhai_Path.pdf,10,400011,3 म्यु.घ.नं.5 stared. .,( सलग ) 1 अ) आर.बी.चांदोरकर मार्ग (मनिवि 36) खंड 2 मुंबई शहर पिनकोड 400011,3 म्यु.घ.नं.5 stared. .  ( सलग ) 1 अ) आर.बी.चांदोरकर मार्ग (मनिवि 36) खंड 2 मुंबई शहर पिनकोड 400011
010-Farooq_S_Umar_Bhai_Path.pdf,11,400011,3 BAAS बौ.आय.टो.चाळ क्र.20,( सलग ) 1 अ) आर.बी.चांदोरकर मार्ग (मनिवि 36) खंड 2 मुंबई शहर पिनकोड 400011,3 BAAS बौ.आय.टो.चाळ क्र.20  ( सलग ) 1 अ) आर.बी.चांदोरकर मार्ग (मनिवि 36) खंड 2 मुंबई शहर पिनकोड 400011
010-Farooq_S_Umar_Bhai_Path.pdf,12,400011,यादी भाग क्रमांक 0010,( सलग ) 1 अ) आर.बी.चांदोरकर मार्ग (मनिवि 36) खंड 2 मुंबई शहर पिनकोड 400011,यादी भाग क्रमांक 0010  ( सलग ) 1 अ) आर.बी.चांदोरकर मार्ग (मनिवि 36) खंड 2 मुंबई शहर पिनकोड 400011
010-Farooq_S_Umar_Bhai_Path.pdf,13,400011,3 म्यु.घ.नं.>,( सलग ) 1 अ) आर.बी.चांदोरकर मार्ग (मनिवि 36) खंड 2 मुंबई शहर पिनकोड 400011,3 म्यु.घ.नं.>  ( सलग ) 1 अ) आर.बी.चांदोरकर मार्ग (मनिवि 36) खंड 2 मुंबई शहर पिनकोड 400011
010-Farooq_S_Umar_Bhai_Path.pdf,13,400011,4 बी.आय.टी.चाळ नं.4,2 ब) मेघराज सेठी मार्ग (मनिवि 35-36) खंड 1 मुंबई शहर पिनकोड 400011,4 बी.आय.टी.चाळ नं.4  2 ब) मेघराज सेठी मार्ग (मनिवि 35-36) खंड 1 मुंबई शहर पिनकोड 400011
010-Farooq_S_Umar_Bhai_Path.pdf,14,400011,4 बौी.आय.टो.चाळ नं.4,( सलग ) 2 ब) मेघराज सेठी मार्ग (मनिवि 35-36) खंड 1 मुंबई शहर पिनकोड 400011,4 बौी.आय.टो.चाळ नं.4  ( सलग ) 2 ब) मेघराज सेठी मार्ग (मनिवि 35-36) खंड 1 मुंबई शहर पिनकोड 400011
010-Farooq_S_Umar_Bhai_Path.pdf,15,400011,4 बौ.आय.टो.चाळ नं.4,( सलग ) 2 ब) मेघराज सेठी मार्ग (मनिवि 35-36) खंड 1 मुंबई शहर पिनकोड 400011,4 बौ.आय.टो.चाळ नं.4  ( सलग ) 2 ब) मेघराज सेठी मार्ग (मनिवि 35-36) खंड 1 मुंबई शहर पिनकोड 400011
010-Farooq_S_Umar_Bhai_Path.pdf,16,400011,4 बौ.आय.टो.चाळ नं.4,( सलग ) 2 ब) मेघराज सेठी मार्ग (मनिवि 35-36) खंड 1 मुंबई शहर पिनकोड 400011,4 बौ.आय.टो.चाळ नं.4  ( सलग ) 2 ब) मेघराज सेठी मार्ग (मनिवि 35-36) खंड 1 मुंबई शहर पिनकोड 400011
010-Farooq_S_Umar_Bhai_Path.pdf,17,400011,4 बौी.आय.टो.चाळ नं.4,( सलग ) 2 ब) मेघराज सेठी मार्ग (मनिवि 35-36) खंड 1 मुंबई शहर पिनकोड 400011,4 बौी.आय.टो.चाळ नं.4  ( सलग ) 2 ब) मेघराज सेठी मार्ग (मनिवि 35-36) खंड 1 मुंबई शहर पिनकोड 400011
010-Farooq_S_Umar_Bhai_Path.pdf,18,400011,बी.आय.टो.चाळ नं.4,( सलग ) 2 ब) मेघराज सेठी मार्ग (मनिवि 35-36) खंड 1 मुंबई शहर पिनकोड 400011,बी.आय.टो.चाळ नं.4  ( सलग ) 2 ब) मेघराज सेठी मार्ग (मनिवि 35-36) खंड 1 मुंबई शहर पिनकोड 400011
010-Farooq_S_Umar_Bhai_Path.pdf,19,400011,बी.आय.टो.चाळ नं.4,( सलग ) 2 ब) मेघराज सेठी मार्ग (मनिवि 35-36) खंड 1 मुंबई शहर पिनकोड 400011,बी.आय.टो.चाळ नं.4  ( सलग ) 2 ब) मेघराज सेठी मार्ग (मनिवि 35-36) खंड 1 मुंबई शहर पिनकोड 400011
010-Farooq_S_Umar_Bhai_Path.pdf,19,400011,5 बी.आय.टी.चाळ नं.4 जवळील झोपडपट्टी,2 ब) मेघराज सेठी मार्ग (मनिवि 35-36) खंड 1 मुंबई शहर पिनकोड 400011,5 बी.आय.टी.चाळ नं.4 जवळील झोपडपट्टी  2 ब) मेघराज सेठी मार्ग (मनिवि 35-36) खंड 1 मुंबई शहर पिनकोड 400011
010-Farooq_S_Umar_Bhai_Path.pdf,20,400011,6 म्यु.घ.नं.6 गुरूशिना चाळ,2 ब) मेघराज सेठी मार्ग (मनिवि 35-36) खंड 1 मुंबई शहर पिनकोड 400011,6 म्यु.घ.नं.6 गुरूशिना चाळ  2 ब) मेघराज सेठी मार्ग (मनिवि 35-36) खंड 1 मुंबई शहर पिनकोड 400011
010-Farooq_S_Umar_Bhai_Path.pdf,21,400011,म्यु.घ.नं.6 गुरूशिना चाळ,2 ब) मेघराज सेठी मार्ग (मनिवि 35-36) खंड 1 मुंबई शहर पिनकोड 400011,म्यु.घ.नं.6 गुरूशिना चाळ  2 ब) मेघराज सेठी मार्ग (मनिवि 35-36) खंड 1 मुंबई शहर पिनकोड 400011
010-Farooq_S_Umar_Bhai_Path.pdf,21,400011,हैदरअली बानोबीन,पिनकोड 400011,हैदरअली बानोबीन  पिनकोड 400011
010-Farooq_S_Umar_Bhai_Path.pdf,22,400011,7 झुला मेदान लगत झ,( सलग ) 2 ब) मेघराज सेठी मार्ग (मनिवि 35-36) खंड 1 मुंबई शहर पिनकोड 400011,7 झुला मेदान लगत झ  ( सलग ) 2 ब) मेघराज सेठी मार्ग (मनिवि 35-36) खंड 1 मुंबई शहर पिनकोड 400011
010-Farooq_S_Umar_Bhai_Path.pdf,23,400011,झुला मैदान लगत झोपडपटट,2 ब) मेघराज सेठी मार्ग (मनिवि 35-36) खंड 1 मुंबई शहर पिनकोड 400011,झुला मैदान लगत झोपडपटट  2 ब) मेघराज सेठी मार्ग (मनिवि 35-36) खंड 1 मुंबई शहर पिनकोड 400011
010-Farooq_S_Umar_Bhai_Path.pdf,23,400011,खान मो.इरफान,पिनकोड 400011,खान मो.इरफान  पिनकोड 400011
010-Farooq_S_Umar_Bhai_Path.pdf,23,400011,खलील उर रेहमान अहमद सैफी,पिनकोड 400011,खलील उर रेहमान अहमद सैफी  पिनकोड 400011
010-Farooq_S_Umar_Bhai_Path.pdf,24,400011,9 म्यु.घ.नं.30-32 भायखळा नसि :,( सलग ) 2 ब) मेघराज सेठी मार्ग (मनिवि 35-36) खंड 1 मुंबई शहर पिनकोड 400011,9 म्यु.घ.नं.30-32 भायखळा नसि :  ( सलग ) 2 ब) मेघराज सेठी मार्ग (मनिवि 35-36) खंड 1 मुंबई शहर पिनकोड 400011
010-Farooq_S_Umar_Bhai_Path.pdf,24,400011,10 म्यु.घ.नं.28 जाफर लॉज बिल्डींग जवळील झो. मेघराज सेठी मार्ग,2 ब) मेघराज सेठी मार्ग (मनिवि 35-36) खंड 1 मुंबई शहर पिनकोड 400011,10 म्यु.घ.नं.28 जाफर लॉज बिल्डींग जवळील झो. मेघराज सेठी मार्ग  2 ब) मेघराज सेठी मार्ग (मनिवि 35-36) खंड 1 मुंबई शहर पिनकोड 400011
